,country,countryiso3,year,standardprice,Adjusted NNI,est_annual_cost,est_annual_budget,affordability_ratio,affordability_index
0,Afghanistan,AFG,2014,0.6231185534591195,575.9168154,486.03247169811317,345.55008924,0.7109609117940369,14.293748807225295
1,Afghanistan,AFG,2015,0.5563375404530744,548.9684545,433.943281553398,329.3810727,0.7590417612202822,15.26085895678886
2,Afghanistan,AFG,2016,0.5114493589743591,484.8905897,398.93050000000005,290.93435382,0.7292858124911481,14.662340412103367
3,Afghanistan,AFG,2017,0.5172569131832797,497.4060287,403.4603922829582,298.44361721999996,0.7397098276023412,14.872011641574948
4,Afghanistan,AFG,2018,0.4956186708860759,466.5706016,386.5825632911392,279.94236096,0.7241463727094504,14.558964443599002
5,Afghanistan,AFG,2019,0.48345284280936457,468.4035058,377.0932173913044,281.04210348,0.7452854904795768,14.984161909789135
6,Afghanistan,AFG,2020,0.7004784664994625,475.7180842,546.3732038695808,285.43085052,0.5224100459145729,10.501189851278674
7,Afghanistan,AFG,2021,0.7292110261470153,340.5232436,568.784600394672,204.31394616,0.3592114589920847,7.218572932264419
11,Algeria,DZA,2015,1.7873115770609318,3319.132168,1394.1030301075268,1991.4793008,1.4285022396417844,28.7265533265664
12,Algeria,DZA,2016,1.7398799543378995,3256.460325,1357.1063643835616,1953.8761949999998,1.4397369626127343,28.952531335324494
13,Algeria,DZA,2021,1.5960990175438594,2809.555594,1244.9572336842102,1685.7333563999998,1.35404920810926,27.228986554761903
17,Angola,AGO,2014,3.3465401768882383,3486.7531,2610.301337972826,2092.05186,0.8014599040985432,16.11406802012148
18,Angola,AGO,2015,2.9687188535110605,2371.995619,2315.600705738627,1423.1973713999998,0.6146126004681928,12.355774938451026
19,Angola,AGO,2016,3.056113006795493,1206.043537,2383.7681453004843,723.6261221999999,0.30356397019005543,6.099265518598166
20,Angola,AGO,2017,4.129368559925582,1500.335741,3220.907476741954,900.2014446000001,0.2794868996083617,5.614973339712411
21,Angola,AGO,2018,2.7980103596576273,1506.725371,2182.4480805329495,904.0352226,0.41422988737456534,8.325227268381214
22,Angola,AGO,2019,2.3312570234821397,1327.803449,1818.380478316069,796.6820693999999,0.43812726703807114,8.80590509949987
23,Angola,AGO,2020,1.7965465421578601,1100.217496,1401.306302883131,660.1304976,0.4710822296608588,9.468769404338643
33,Armenia,ARM,2014,2.253631263232181,3524.890871,1757.8323853211011,2114.9345226,1.2031491399640288,24.193745097621058
34,Armenia,ARM,2015,1.9915056338028168,3150.669544,1553.374394366197,1890.4017264,1.2169646501552613,24.4716337016449
35,Armenia,ARM,2016,1.7634948096885812,3108.22045,1375.5259515570933,1864.9322699999998,1.3557957724380985,27.264117383552197
36,Armenia,ARM,2017,1.742071849126035,3475.204348,1358.8160423183074,2085.1226088,1.5345142711463164,30.858905663668015
37,Armenia,ARM,2018,1.7830748873535598,3687.291522,1390.7984121357765,2212.3749132,1.590722921377636,31.98950041772626
38,Armenia,ARM,2019,1.7327765473216765,4019.858444,1351.5657069109077,2411.9150664,1.784534080782939,35.887866224409294
39,Armenia,ARM,2020,1.6680593989071038,3617.03199,1301.086331147541,2170.219194,1.6680055289535594,33.543981984988584
40,Armenia,ARM,2021,1.8180688349773395,3790.564809,1418.093691282325,2274.3388854,1.603800157480009,32.252539193325354
44,Bangladesh,BGD,2014,0.6529258691275168,1068.928497,509.28217791946315,641.3570982,1.2593354450770176,25.323890396418243
45,Bangladesh,BGD,2015,0.6221858169014085,1194.180107,485.3049371830986,716.5080641999999,1.4764079433415525,29.69014055147804
46,Bangladesh,BGD,2016,0.6077128020477816,1580.77342,474.0159855972696,948.4640519999999,2.0009115321393987,40.24013603329709
47,Bangladesh,BGD,2017,0.622946576923077,1712.10431,485.89833000000004,1027.2625859999998,2.114151299923175,42.51786885342758
48,Bangladesh,BGD,2018,0.5898958879668049,1869.935743,460.11879261410786,1121.9614457999999,2.4384169127840116,49.04022794430052
49,Bangladesh,BGD,2019,0.5304192837209303,2186.771894,413.72704130232563,1312.0631363999998,3.1713255490139134,63.782134321974056
50,Bangladesh,BGD,2020,0.6491057048128341,2305.858345,506.30244975401064,1383.515007,2.7325860415492498,54.957218877531396
51,Bangladesh,BGD,2021,0.8136870074728261,2567.444321,634.6758658288044,1540.4665926,2.427170585080229,48.81401651506339
64,Benin,BEN,2014,0.6378360424028269,1075.709759,497.512113074205,645.4258554,1.297306816133205,26.08765598665837
65,Benin,BEN,2015,0.524645411203814,898.7970381,409.22342073897494,539.27822286,1.317808794731671,26.50003787727215
66,Benin,BEN,2016,0.5709571220930232,906.4334423,445.34655523255805,543.86006538,1.2212064042933906,24.556953398112217
67,Benin,BEN,2017,0.7900486486486487,937.83574,616.237945945946,562.7014439999999,0.9131236524817281,18.360100394515058
68,Benin,BEN,2018,0.5744101851851852,1023.026103,448.0399444444445,613.8156618,1.3700020933649393,27.549866851796935
69,Benin,BEN,2019,0.9477617543171114,1002.593298,739.2541683673469,601.5559787999999,0.813733631192834,16.36094481592498
70,Benin,BEN,2020,1.124211283204984,1058.144905,876.8848008998874,634.8869430000001,0.7240254847027325,14.556532872200984
71,Benin,BEN,2021,1.265830367134207,1173.285653,987.3476863646815,703.9713917999999,0.7129923952037142,14.334610569186939
75,Bhutan,BTN,2014,21.65965185185185,2135.13951,16894.528444444444,1281.083706,0.07582831981447037,1.518534073045449
76,Bhutan,BTN,2015,19.82335,2194.601147,15462.213000000002,1316.7606881999998,0.08515991133998733,1.706232023135794
77,Bhutan,BTN,2016,27.255245454545456,2295.347808,21259.091454545458,1377.2086848,0.06478210452900307,1.2963477547020748
78,Bhutan,BTN,2017,6.396565,2610.161909,4989.3207,1566.0971453999998,0.31388985386327234,6.306962907948565
79,Bhutan,BTN,2018,0.624904255319149,2618.652833,487.4253191489361,1571.1916998,3.2234511382038233,64.83060137193482
80,Bhutan,BTN,2019,0.7198192802056556,2913.822943,561.4590385604114,1748.2937658,3.1138402728053842,62.62586119587188
81,Bhutan,BTN,2020,0.8058324524312896,2724.888887,628.5493128964059,1634.9333322,2.6011218191713477,52.31291485039102
82,Bhutan,BTN,2021,0.989745010845987,2945.360817,772.0011084598699,1767.2164902000002,2.28913724453786,46.037579613268136
84,Bolivia,BOL,2014,1.315315258612376,2386.034637,1025.9459017176532,1431.6207822000001,1.3954154695712124,28.061037813979397
85,Bolivia,BOL,2015,1.209653471432363,2532.414506,943.5297077172431,1519.4487036,1.6103877717598567,32.385044103439796
86,Bolivia,BOL,2016,1.1609027983008784,2618.281113,905.5041826746851,1570.9686678,1.7349104486294706,34.88972415981358
87,Bolivia,BOL,2017,1.1255238111018038,2764.057011,877.9085726594069,1658.4342066,1.889073940326364,37.990606928969484
88,Bolivia,BOL,2018,1.1081358108049761,2907.081576,864.3459324278813,1744.2489456,2.0179986740963063,40.583831051391726
89,Bolivia,BOL,2019,1.0051387115261818,2940.944319,784.0081949904218,1764.5665914,2.2506991670177094,45.264426573273035
90,Bolivia,BOL,2020,1.1738016722419071,2652.860747,915.5653043486875,1591.7164482,1.7385067352812273,34.96206076291351
91,Bolivia,BOL,2021,1.0335492256812995,2656.573859,806.1683960314135,1593.9443154,1.9771853166740732,39.762901041381106
93,Burkina Faso,BFA,2014,0.4113524871794872,653.9370902,320.85494,392.36225411999993,1.2228649311741933,24.590313419802527
94,Burkina Faso,BFA,2015,0.36664334366925067,543.1460657,285.9818080620155,325.88763941999997,1.139539754743179,22.914290121499054
95,Burkina Faso,BFA,2016,0.37648081063122923,574.4594987,293.6550322923588,344.67569922,1.1737435470775306,23.602273697389446
96,Burkina Faso,BFA,2017,0.4302216797614872,613.2867856,335.57291021396,367.97207136000003,1.09654879807009,22.049559339199345
97,Burkina Faso,BFA,2018,0.48656310422535215,677.4041963,379.5192212957747,406.44251777999995,1.0709405346909764,21.53446836800866
98,Burkina Faso,BFA,2019,0.4181298144686743,652.8998364,326.141255285566,391.73990184,1.2011356904142547,24.15324607319746
99,Burkina Faso,BFA,2020,0.4648880471059113,683.9393089,362.6126767426108,410.36358534,1.1316857122214832,22.756311959123042
100,Burkina Faso,BFA,2021,0.5471686827606635,670.0551391,426.79157255331756,402.03308346,0.9419892737216019,18.940710670907166
104,Burundi,BDI,2014,0.5916973244147158,175.8240158,461.52391304347833,105.49440948,0.22857842572950665,4.590987649472975
105,Burundi,BDI,2015,0.7183453515625,202.0450777,560.30937421875,121.22704662,0.2163573414937581,4.345169725203689
106,Burundi,BDI,2016,0.7074209356049668,160.4994974,551.788329771874,96.29969844,0.17452289808269994,3.5037013379565156
107,Burundi,BDI,2017,0.862238776283387,160.7895958,672.5462455010418,96.47375748,0.14344553720336034,2.878603581017699
108,Burundi,BDI,2018,1.102941908713693,163.0881199,860.2946887966805,97.85287194,0.11374343374927688,2.2811680935707743
109,Burundi,BDI,2019,1.1332201324104725,152.5862591,883.9117032801686,91.55175546,0.10357567969770544,2.07665136271258
110,Burundi,BDI,2020,1.1615810072815533,150.0321826,906.0331856796115,90.01930956,0.0993554220560662,1.9917640521158044
111,Burundi,BDI,2021,1.2151969970703125,150.9325674,947.8536577148438,90.55954044,0.09554169011525226,1.9150537004542005
115,Cabo Verde,CPV,2014,0.9996364485981308,3055.011176,779.716429906542,1833.0067056,2.3508632565556007,47.27915195291683
116,Cabo Verde,CPV,2015,0.8924156249999999,2650.499569,696.0841875,1590.2997414,2.284637074017717,45.94706206549741
117,Cabo Verde,CPV,2016,0.9135495238095239,2765.951793,712.5686285714287,1659.5710758,2.3289982315487845,46.83935340823865
118,Cabo Verde,CPV,2017,0.9084530973451327,2939.133213,708.5934159292035,1763.4799278,2.4887049302984092,50.05173362109201
119,Cabo Verde,CPV,2018,0.9712513274336283,3306.369116,757.5760353982301,1983.8214695999998,2.618643379548268,52.66534786850365
120,Cabo Verde,CPV,2019,0.898219696969697,3334.092873,700.6113636363636,2000.4557238,2.85530013874895,57.425520713138695
121,Cabo Verde,CPV,2020,1.0368926470588236,2840.364161,808.7762647058823,1704.2184966,2.1071569122021057,42.37718200126609
122,Cabo Verde,CPV,2021,1.0134975308641976,3210.02754,790.5280740740741,1926.016524,2.4363670148664807,48.99899578835339
124,Cambodia,KHM,2014,1.0288096774193547,933.4239152,802.4715483870966,560.05434912,0.6979117829730714,14.031275388466822
125,Cambodia,KHM,2015,1.8528773333333333,993.6407446,1445.24432,596.1844467599999,0.4125146444166616,8.290726445426728
126,Cambodia,KHM,2016,1.8578280961182996,1084.876158,1449.1059149722737,650.9256948,0.4491912482549313,9.028448766200679
127,Cambodia,KHM,2017,1.7613454802259887,1181.818127,1373.8494745762712,709.0908762,0.5161343286306537,10.374958514821527
128,Cambodia,KHM,2018,1.866396062992126,1285.940819,1455.7889291338581,771.5644914,0.5299974989224935,10.653805765948666
129,Cambodia,KHM,2019,1.3926500588235293,1390.35959,1086.2670458823527,834.215754,0.7679656279385548,15.440355828819639
130,Cambodia,KHM,2020,1.4288179140749313,1331.135318,1114.4779729784466,798.6811908000001,0.716641522008301,14.408010012247402
131,Cambodia,KHM,2021,1.4735241850490197,1343.726676,1149.3488643382354,806.2360056,0.7014719643580187,14.102885761260907
135,Cameroon,CMR,2014,0.5640524806003241,1324.675829,439.96093486825276,794.8054974,1.8065365226983305,36.330428806923535
136,Cameroon,CMR,2015,0.6232026199712644,1147.733922,486.09804357758617,688.6403531999999,1.4166696663326233,28.48855000758805
137,Cameroon,CMR,2016,0.6607807073866168,1175.441758,515.4089517615611,705.2650547999999,1.368360119453785,27.5168397806502
138,Cameroon,CMR,2017,0.7339194992952783,1213.088552,572.457209450317,727.8531311999999,1.2714542138422829,25.567650321897105
139,Cameroon,CMR,2018,0.7484147982502187,1309.376635,583.7635426351707,785.625981,1.3457948700489257,27.06295674848064
140,Cameroon,CMR,2019,0.7207556826991783,1268.70514,562.1894325053592,761.223084,1.3540330713931439,27.228661976845274
141,Cameroon,CMR,2020,1.0453037163701622,1285.527495,815.3368987687265,771.316497,0.9460095552707065,19.021575612700808
142,Cameroon,CMR,2021,1.5899999767449529,1377.092232,1240.1999818610632,826.2553392,0.6662275046642949,13.393969943582393
146,Central African Republic,CAF,2014,4.732053333333333,337.77415,3691.0015999999996,202.66449,0.054907722066552346,1.0977319728665773
147,Central African Republic,CAF,2015,2.1503643274853803,305.4455,1677.2841754385968,183.26729999999998,0.10926431113086547,2.1910739085241837
148,Central African Republic,CAF,2016,3.3940221698113207,324.0134356,2647.33729245283,194.40806135999998,0.0734353200531828,1.4704006813799284
149,Central African Republic,CAF,2017,1.8016142326732674,376.674065,1405.2591014851487,226.004439,0.16082759311869754,3.228230571734462
150,Central African Republic,CAF,2018,1.5988031442241968,399.4516288,1247.0664524948736,239.67097728,0.1921878154933249,3.859017875057711
151,Central African Republic,CAF,2019,1.2239535776614312,393.0234506,954.6837905759164,235.81407036,0.24700751462192974,4.961674921593893
152,Central African Republic,CAF,2020,1.5403600500547474,392.5273224,1201.4808390427029,235.51639344,0.19602176396558357,3.9361348670549683
153,Central African Republic,CAF,2021,1.5173384336803983,417.4338142,1183.5239782707108,250.46028851999998,0.21162248768796088,4.249931699525495
157,Chad,TCD,2014,7.466763018867924,747.2476475,5824.075154716981,448.34858849999995,0.07698193731873079,1.5417382221068305
158,Chad,TCD,2015,7.44802459312839,577.5483944,5809.459182640144,346.52903664,0.05964910428762455,1.193101312711396
159,Chad,TCD,2016,7.804636258865248,503.8728638,6087.616281914893,302.32371828,0.04966208517086468,0.9922199292300219
160,Chad,TCD,2017,6.222361172161173,456.3534877,4853.441714285715,273.81209262,0.056416066935357674,1.1280711962594876
161,Chad,TCD,2018,8.039715215553677,509.7988771,6270.977868131868,305.87932626,0.048776974292068724,0.974416589135422
162,Chad,TCD,2019,14.966913475866539,496.0228846,11674.192511175901,297.61373076,0.02549330332484147,0.5060830471907082
163,Chad,TCD,2020,18.312884519104085,440.5267782,14284.049924901185,264.31606692,0.018504280530357256,0.3655041064953044
164,Chad,TCD,2021,20.124404985459076,468.6466316,15697.03588865808,281.18797895999995,0.017913444356916632,0.35361988092769575
175,Colombia,COL,2014,1.2831622654249126,6588.061797,1000.8665670314318,3952.8370782,3.9494146456746044,79.43281170444438
176,Colombia,COL,2015,0.8930212330136987,5260.868776,696.5565617506851,3156.5212656,4.531607968298484,91.14319282367529
177,Colombia,COL,2016,0.8424649786616161,5070.85301,657.1226833560605,3042.511806,4.630051409063019,93.12330864644967
178,Colombia,COL,2017,0.8446507286978508,5446.607779,658.8275683843237,3267.9646674,4.960273103650164,99.76546984477038
181,Colombia,COL,2020,1.3549061111979765,4605.788773,1056.8267667344217,2763.4732638,2.614878190811811,52.589613926913536
182,Colombia,COL,2021,1.5508023778071334,5127.309256,1209.625854689564,3076.3855535999996,2.543253801721622,51.14894317188315
186,Congo,COG,2014,2.5899222222222225,2126.773459,2020.1393333333335,1276.0640753999999,0.631671318084,12.698898222287616
187,Congo,COG,2015,3.3573194690265487,1463.932608,2618.709185840708,878.3595648,0.3354169945823947,6.739965164127135
188,Congo,COG,2016,2.539266329479769,1161.754419,1980.62773699422,697.0526514000001,0.351935216487395,7.072216782967065
189,Congo,COG,2017,2.420074031007752,859.931916,1887.6577441860466,515.9591495999999,0.273332997567565,5.491192225316671
190,Congo,COG,2018,2.67539901599016,1036.392719,2086.8112324723247,621.8356313999999,0.29798365167092167,5.987021605646289
191,Congo,COG,2019,2.247865367316342,869.8960694,1753.3349865067464,521.9376416399999,0.2976827848966166,5.9809698966068465
192,Congo,COG,2020,2.138880600461894,764.0292039,1668.326868360277,458.41752233999995,0.27477680245631825,5.520233275517847
193,Congo,COG,2021,1.7450339130434782,1069.208061,1361.126452173913,641.5248366,0.47131905751695097,9.473533018668656
200,Cote D'Ivoire,CIV,2014,1.6844146218487397,1894.472682,1313.8434050420171,1136.6836092,0.8651591238635084,17.39532995058044
201,Cote D'Ivoire,CIV,2015,1.5565978102189781,1715.603416,1214.1462919708028,1029.3620495999999,0.8478072670543999,17.0463103921884
202,Cote D'Ivoire,CIV,2016,1.6807791666666665,1720.588157,1311.0077499999998,1032.3528941999998,0.7874498790720345,15.832266896379682
203,Cote D'Ivoire,CIV,2017,1.5444890410958902,1783.15387,1204.7014520547943,1069.892322,0.8880974785704311,17.856717715482215
204,Cote D'Ivoire,CIV,2018,1.5946723684210526,1947.71214,1243.8444473684212,1168.627284,0.9395284808099944,18.89121367097499
205,Cote D'Ivoire,CIV,2019,1.3920838765008576,1929.045074,1085.825423670669,1157.4270444,1.0659421111059266,21.4339288343148
206,Cote D'Ivoire,CIV,2020,1.4373600326264275,1972.115482,1121.1408254486137,1183.2692892,1.0554153968360989,21.222191888454
207,Cote D'Ivoire,CIV,2021,1.6190464980544745,2164.043178,1262.8562684824901,1298.4259068,1.028166022694136,20.67409120769602
211,Democratic Republic Of The Congo,COD,2014,2.67305923566879,292.446628,2084.9862038216565,175.46797679999997,0.08415785988337839,1.6860765112087837
212,Democratic Republic Of The Congo,COD,2015,2.25318587398374,314.5802622,1757.484981707317,188.74815732,0.10739673982115039,2.1535091152600847
213,Democratic Republic Of The Congo,COD,2016,1.7970727272727272,320.3196093,1401.7167272727272,192.19176558,0.13711170155894553,2.7512032374198307
214,Democratic Republic Of The Congo,COD,2017,1.4071210738255033,314.2501527,1097.5544375838926,188.55009162,0.17179110681294837,3.4487534097274497
215,Democratic Republic Of The Congo,COD,2018,1.4978620665742026,398.4549715,1168.332411927878,239.0729829,0.2046275361868144,4.109233507351481
216,Democratic Republic Of The Congo,COD,2019,1.7513256890275612,445.4385346,1366.0340374414977,267.26312076,0.19564894683046719,3.928635930584319
217,Democratic Republic Of The Congo,COD,2020,1.735726325960919,397.0828078,1353.866534249517,238.24968468,0.1759772316198568,3.532954164007199
218,Democratic Republic Of The Congo,COD,2021,1.7058138859180036,327.8098533,1330.5348310160427,196.68591198,0.14782469980872562,2.9666871455298973
222,Djibouti,DJI,2014,0.9159422369668246,1861.616007,714.4349448341233,1116.9696042,1.56343080958804,31.440540101306937
223,Djibouti,DJI,2015,0.8943624311377246,2043.606977,697.6026962874253,1226.1641862,1.7576826934952061,35.34777075010485
224,Djibouti,DJI,2016,0.8041421052631579,2078.635435,627.2308421052632,1247.181261,1.988392753159124,39.988330202983335
225,Djibouti,DJI,2017,0.791563875598086,2103.255646,617.4198229665071,1261.9533876,2.0439145953181628,41.105110328859446
226,Djibouti,DJI,2018,0.7951676537585421,2287.402078,620.2307699316628,1372.4412468,2.2127912921044146,44.501938160224704
227,Djibouti,DJI,2019,0.7927049902912621,2423.395567,618.3098924271844,1454.0373402,2.3516320181974697,47.294615015556495
228,Djibouti,DJI,2020,0.8392346889952152,2481.423541,654.6030574162679,1488.8541246,2.274438085389547,45.74191707460625
229,Djibouti,DJI,2021,0.8773349875930522,2747.300462,684.3212903225807,1648.3802772000001,2.408781226758229,48.44412839350579
234,Dominican Republic,DOM,2015,0.9925411282368177,6214.21529,774.1820800247178,3728.529174,4.816088191915985,96.86529871185493
248,Ecuador,ECU,2020,0.8194908291918158,4317.410628,639.2028467696164,2590.4463767999996,4.052620212646921,81.50871411676545
249,Ecuador,ECU,2021,0.8289819875776397,4420.825286,646.605950310559,2652.4951716,4.1021818161834585,82.50560852235111
253,Egypt,EGY,2014,1.7031528273809524,2704.037645,1328.4592053571428,1622.4225869999998,1.2212814518183326,24.558462922672142
254,Egypt,EGY,2015,1.781130080645161,2983.278506,1389.2814629032255,1789.9671036,1.2884121406611508,25.908746274605694
255,Egypt,EGY,2016,1.9501633597883596,2957.127231,1521.1274206349206,1774.2763386,1.1664219016309723,23.455004302040386
256,Egypt,EGY,2017,1.4457930203045684,1999.859373,1127.7185558375634,1199.9156238,1.0640204664441435,21.395276396214346
257,Egypt,EGY,2018,1.5469496546961325,2043.811503,1206.6207306629835,1226.2869018,1.01629855234313,20.43538596094891
258,Egypt,EGY,2019,1.5436471527777778,2431.968009,1204.0447791666668,1459.1808054,1.2118991175809224,24.369744321069312
259,Egypt,EGY,2020,1.766248108108108,2964.90284,1377.6735243243243,1778.941704,1.2912650730313457,25.966130865022848
260,Egypt,EGY,2021,1.4244892688679245,3184.810353,1111.1016297169813,1910.8862117999997,1.7198122662161326,34.58603556807395
264,El Salvador,SLV,2014,1.1328018812939606,3111.704498,883.5854674092893,1867.0226988,2.1130074765423554,42.49486170579814
265,El Salvador,SLV,2015,0.897025423177323,3205.960987,699.679830078312,1923.5765921999998,2.7492240157683305,55.291879224165505
266,El Salvador,SLV,2016,0.7504180802514939,3266.583474,585.3261025961652,1959.9500844,3.348475449338077,67.34537142452312
267,El Salvador,SLV,2017,0.7187192957129728,3329.518054,560.6010506561188,1997.7108324,3.5635160334821174,71.6707511541969
268,El Salvador,SLV,2018,0.6918761855378047,3426.776045,539.6634247194877,2056.065627,3.80990360439699,76.62665196297122
269,El Salvador,SLV,2019,0.6910807348619645,3567.957559,539.0429731923323,2140.7745354,3.971435751628219,79.87574970005994
270,El Salvador,SLV,2020,0.5876766479626673,3208.337881,458.3877854108805,1925.0027286,4.199507032837937,84.46323210758754
273,Eswatini,SWZ,2014,0.9347566165064634,2794.782951,729.1101608750414,1676.8697706,2.2998853404916275,46.25376948531515
274,Eswatini,SWZ,2015,0.809802557635468,2581.366071,631.6459949556651,1548.8196426,2.452037462390165,49.314195062684135
275,Eswatini,SWZ,2016,0.8242639879584017,2391.256758,642.9259106075533,1434.7540548,2.231600921860784,44.88027972581668
276,Eswatini,SWZ,2017,0.9678503738257207,2764.211007,754.9232915840621,1658.5266041999998,2.1969471901176862,44.183245956885195
277,Eswatini,SWZ,2018,0.9891629816523492,3002.285678,771.5471256888324,1801.3714068000002,2.3347522747774443,46.95509166315448
278,Eswatini,SWZ,2019,0.938452233409611,2664.962165,731.9927420594965,1598.977299,2.1844168761854124,43.93120810968142
279,Eswatini,SWZ,2020,0.9105068604108311,2361.575698,710.1953511204483,1416.9454188,1.9951488228760423,40.124223467606576
280,Eswatini,SWZ,2021,1.1279635154132182,2886.409976,879.8115420223102,1731.8459856,1.9684283541214147,39.58676132119968
284,Ethiopia,ETH,2014,0.42006612016806727,421.3570554,327.65157373109247,252.81423323999996,0.7715947473137656,15.513352837475402
285,Ethiopia,ETH,2015,1.1801204853333334,478.1032535,920.4939785600001,286.8619521,0.31163914026766404,6.261691495566126
286,Ethiopia,ETH,2016,4.543748416666666,547.1037514,3544.1237650000003,328.26225084,0.09262155404440284,1.856317358107395
287,Ethiopia,ETH,2017,4.007510706150342,595.983941,3125.8583507972667,357.5903646,0.11439749485410773,2.29432404111465
288,Ethiopia,ETH,2018,4.41606926744186,627.812547,3444.534028604651,376.6875282,0.10935805106637098,2.1929594168737374
289,Ethiopia,ETH,2019,5.930016221674877,708.7418191,4625.412652906404,425.24509146,0.09193668184238543,1.8425416685006422
290,Ethiopia,ETH,2020,23.294094808756636,779.4577006,18169.393950830174,467.67462035999995,0.02573969289375398,0.5110389881877032
291,Ethiopia,ETH,2021,25.38685064508562,786.5847648,19801.74350316678,471.95085888,0.02383380326103727,0.4727034506557442
295,Fiji,FJI,2021,1.823851724137931,3782.211976,1422.6043448275861,2269.3271856,1.5951920812353722,32.079394209329685
297,Gabon,GAB,2014,1.5569541666666666,5576.50316,1214.42425,3345.901896,2.755134291825941,55.41075998501409
298,Gabon,GAB,2015,1.3008645833333332,4577.103937,1014.6743749999999,2746.2623621999996,2.706545498598996,54.43343292766028
299,Gabon,GAB,2016,1.2845437499999999,4390.447171,1001.9441249999999,2634.2683026,2.6291568929554834,52.87681928893451
300,Gabon,GAB,2017,1.2699375,4354.487549,990.5512499999999,2612.6925294000002,2.637614691213605,53.046941544177486
301,Gambia,GMB,2014,0.9809252918287938,422.2987192,765.1217276264592,253.37923152,0.33116198687237186,6.654378882022308
302,Gambia,GMB,2015,1.288132102728732,457.7628005,1004.743040128411,274.6576803,0.27336111754991343,5.49175783762717
303,Gambia,GMB,2016,1.2710714505381855,474.2226,991.4357314197846,284.53355999999997,0.28699143170131053,5.765921362499517
304,Gambia,GMB,2017,1.349456821026283,473.3298674,1052.5763204005007,283.99792044,0.269812188375984,5.420373794600761
305,Gambia,GMB,2018,1.293994992256066,549.8980881,1009.3160939597315,329.93885286,0.326893482462555,6.568521123944986
306,Gambia,GMB,2019,1.2472118962887646,580.4247725,972.8252791052364,348.2548635,0.3579829502583548,7.193862402409073
307,Gambia,GMB,2020,1.7124657522859517,570.1252899,1335.7232867830423,342.07517393999996,0.25609733492320425,5.14450982521922
308,Gambia,GMB,2021,1.914430584699958,624.0718265,1493.2558560659672,374.4430959,0.25075615433143716,5.03707599194484
312,Ghana,GHA,2014,1.1402887400321415,1497.362712,889.4252172250705,898.4176272000001,1.0101103609396023,20.31091514179306
313,Ghana,GHA,2015,1.3385567311423592,1358.926296,1044.0742502910402,815.3557776,0.780936583171854,15.701256844615976
314,Ghana,GHA,2016,1.6152799953444885,1527.722385,1259.9183963687012,916.633431,0.727533968582325,14.627103388529713
315,Ghana,GHA,2017,1.3107316039699306,1567.246586,1022.3706510965459,940.3479516,0.9197720519377466,18.4938279527632
316,Ghana,GHA,2018,0.8494375607880642,1741.311836,662.56129741469,1044.7871016,1.5768912335760519,31.711286413228983
317,Ghana,GHA,2019,1.310137550477796,1742.953253,1021.9072893726807,1045.7719518,1.0233530601802137,20.577282084058893
318,Ghana,GHA,2020,1.6555521324264428,1852.244496,1291.3306632926253,1111.3466976,0.8606213181419362,17.304055399018868
319,Ghana,GHA,2021,1.283064838983473,1841.535044,1000.7905744071088,1104.9210263999998,1.1040481941534874,22.20040405501445
322,Guatemala,GTM,2014,2.3539354265053642,3135.789368,1836.069632674184,1881.4736208,1.0247289031515032,20.604956131369164
323,Guatemala,GTM,2015,2.300360090162112,3352.767535,1794.2808703264473,2011.6605209999998,1.121151406264507,22.544422312181023
324,Guatemala,GTM,2016,1.9700812637689615,3464.362548,1536.66338573979,2078.6175288,1.352682407929762,27.201494396412127
325,Guatemala,GTM,2017,2.0396593090202395,3681.763051,1590.9342610357867,2209.0578305999998,1.388528668156144,27.922514979503312
326,Guatemala,GTM,2018,1.7138272640218173,3731.454921,1336.7852659370176,2238.8729525999997,1.6748186935099596,33.68102366939661
327,Guatemala,GTM,2019,1.908062586301664,3889.824374,1488.2888173152978,2333.8946244,1.5681731914172936,31.535929547519036
328,Guatemala,GTM,2020,1.9138780956107562,3863.165908,1492.8249145763898,2317.8995448,1.5526935022100277,31.22456723335275
329,Guatemala,GTM,2021,2.081974419476421,4189.208188,1623.9400471916083,2513.5249127999996,1.5477941548068919,31.12602054259433
331,Guinea,GIN,2014,1.116897840172786,600.0950989,871.1803153347731,360.05705934,0.4132979740269257,8.306482531801661
332,Guinea,GIN,2015,1.1413152985074626,601.5361595,890.2259328358209,360.92169570000004,0.4054270746194525,8.148165305837553
333,Guinea,GIN,2016,0.8825947658402203,558.6718713,688.4239173553718,335.20312278,0.48691382494046115,9.787210044664112
334,Guinea,GIN,2017,1.1911649842271295,667.4980621,929.108687697161,400.49883725999996,0.43105703623615327,8.66369272076932
335,Guinea,GIN,2018,1.2846129316678911,740.7556651,1001.9980867009551,444.45339906,0.44356711350951555,8.915323522788576
336,Guinea,GIN,2019,1.2175353377876763,834.390333,949.6775634743875,500.63419980000003,0.5271622907131068,10.59677768370503
337,Guinea,GIN,2020,1.220515882048629,801.1042446,952.0023879979306,480.66254676,0.5048963666686147,10.148915356192044
338,Guinea,GIN,2021,1.4231059165858388,854.6192496,1110.0226149369541,512.77154976,0.4619469395126907,9.285019908917317
342,Guinea-Bissau,GNB,2014,1.365116049382716,478.5576602,1064.7905185185184,287.13459611999997,0.2696629911012926,5.417372803554157
343,Guinea-Bissau,GNB,2015,1.3522125,454.6448103,1054.72575,272.78688618,0.25863300121382266,5.195512846896801
344,Guinea-Bissau,GNB,2016,1.0004462585034013,509.1500624,780.348081632653,305.49003744,0.39147919323496033,7.8676141547489475
345,Guinea-Bissau,GNB,2017,1.0523493087557605,574.3439555,820.8324608294932,344.6063733,0.41982546956264083,8.437778198561972
346,Guinea-Bissau,GNB,2018,1.1194093023255813,642.7315568,873.1392558139534,385.63893408,0.4416694490737353,8.877153428911093
347,Guinea-Bissau,GNB,2019,1.224654918032787,640.6889279,955.2308360655738,384.41335674,0.4024298025421063,8.087877430694009
348,Guinea-Bissau,GNB,2020,1.9318499125218696,611.637566,1506.8429317670582,366.9825396,0.24354398979702788,4.8920087228599005
349,Guinea-Bissau,GNB,2021,2.079970507229745,678.0369901,1622.3769956392011,406.82219406,0.25075688027721077,5.037090593798468
353,Haiti,HTI,2014,1.8796261527905955,1395.40905,1466.1083991766645,837.2454299999999,0.5710665258245429,11.479878375389513
354,Haiti,HTI,2015,1.938965924041706,1355.407267,1512.3934207525308,813.2443602,0.5377201123999528,10.809140331879409
355,Haiti,HTI,2016,2.2189879794177663,1241.119857,1730.8106239458575,744.6719142,0.4302445940055048,8.647351055915843
356,Haiti,HTI,2017,2.1889996219865147,1311.653793,1707.4197051494816,786.9922757999999,0.46092491109624395,9.264462575457468
357,Haiti,HTI,2018,2.3664593075251155,1424.929171,1845.8382598695898,854.9575026,0.46318115795281195,9.309845285225418
358,Haiti,HTI,2019,2.6151190004830505,1260.142651,2039.7928203767794,756.0855905999999,0.3706678359914709,7.449009345213586
359,Haiti,HTI,2020,3.3191339594439118,1216.061288,2588.9244883662514,729.6367728,0.28183007116613107,5.662104474514086
360,Haiti,HTI,2021,3.564747959672695,1736.015025,2780.5034085447023,1041.609015,0.37461166629001597,7.528336527561518
364,Honduras,HND,2014,0.9066975057208239,1883.329154,707.2240544622425,1129.9974924,1.597792786133703,32.13170543371963
365,Honduras,HND,2015,0.7926278306159421,1996.390785,618.2497078804348,1197.834471,1.9374606339994467,38.963868905691506
366,Honduras,HND,2016,0.6591922961956521,2012.1947,514.1699910326087,1207.31682,2.3480888442659658,47.223346734905945
367,Honduras,HND,2017,0.5943960402057036,2135.679642,463.6289113604488,1281.4077852,2.763865138263063,55.58637439915986
368,Honduras,HND,2018,0.659310668687291,2141.664763,514.262321576087,1284.9988578,2.498722546621335,50.25323044437914
369,Honduras,HND,2019,0.6393188579431437,2202.270857,498.66870919565207,1321.3625141999999,2.649780284653002,53.29164331278397
370,Honduras,HND,2020,0.728785615942029,2096.974032,568.4527804347827,1258.1844192,2.2133490458744425,44.513156958111765
371,Honduras,HND,2021,0.7385386231884058,2404.352994,576.0601260869565,1442.6117963999998,2.504272958795688,50.36487281368279
373,India,IND,2014,0.9121886218433328,1346.591587,711.5071250377996,807.9549521999999,1.135554267509375,22.834125041206946
374,India,IND,2015,0.9652749607467689,1384.912625,752.9144693824798,830.9475749999999,1.1036413945949541,22.192221587637306
375,India,IND,2016,0.9984023757111823,1481.890055,778.7538530547222,889.134033,1.1417394976760669,22.958536297309443
376,India,IND,2017,1.0092828218038072,1710.893171,787.2406010069697,1026.5359025999999,1.3039671750757575,26.221624100989626
377,India,IND,2018,0.9340195348890414,1719.181867,728.5352372134523,1031.5091201999999,1.4158671640171878,28.47240827665843
378,India,IND,2019,0.9413811528398213,1784.948743,734.2772992150606,1070.9692458,1.4585351432556362,29.330642610604
379,India,IND,2020,1.0318599536234396,1637.822519,804.8507638262829,982.6935114,1.2209636314790182,24.552070205414513
380,India,IND,2021,1.222001325145443,1907.12904,953.1610336134455,1144.2774239999999,1.2005079767707558,24.140620085036034
384,Indonesia,IDN,2014,2.3630831926406928,2593.311645,1843.2048902597403,1555.986987,0.8441747280633212,16.97324460052957
385,Indonesia,IDN,2015,2.200170768398268,2534.722947,1716.1331993506492,1520.8337682000001,0.8861979762267017,17.818510653467673
386,Indonesia,IDN,2016,2.795226050253558,2782.524671,2180.276319197775,1669.5148026,0.7657354198179303,15.395496868654975
387,Indonesia,IDN,2017,2.93345105752317,2937.317589,2288.0918248680728,1762.3905534,0.7702446791013802,15.486197230068676
388,Indonesia,IDN,2018,2.362039696969697,2925.859693,1842.3909636363637,1755.5158158,0.9528465187080072,19.159095993711365
389,Indonesia,IDN,2019,2.475959318181818,3080.807225,1931.248268181818,1848.4843349999999,0.9571448505376594,19.245553707920955
390,Indonesia,IDN,2020,2.4722977971825886,2933.533509,1928.392281802419,1760.1201053999998,0.9127396546904143,18.352376567548166
391,Indonesia,IDN,2021,2.6543785791048724,3189.243047,2070.4152917018005,1913.5458282,0.9242328511914825,18.583553577100833
395,Iran,IRN,2014,1.7736474074074073,4502.348984,1383.4449777777777,2701.4093904,1.9526684716722624,39.269763130560726
396,Iran,IRN,2015,1.7906208994708994,3932.223409,1396.6843015873017,2359.3340454,1.6892393239608032,33.97108381264573
397,Iran,IRN,2016,2.106412546655182,4427.617504,1643.001786391042,2656.5705024,1.6169005562893064,32.51604386936559
398,Iran,IRN,2017,2.067959539842873,4532.120293,1613.008441077441,2719.2721758,1.6858387758861375,33.90268434391062
399,Iran,IRN,2018,1.9343815148481815,2766.463486,1508.8175815815816,1659.8780916,1.1001184714855143,22.121360637052447
400,Iran,IRN,2019,2.0663058641975307,2449.494857,1611.718574074074,1469.6969142,0.9118818494998949,18.335122460850815
401,Iran,IRN,2020,2.616258070416095,2072.101242,2040.681294924554,1243.2607452,0.6092380756819572,12.24767041176577
402,Iran,IRN,2021,5.630103672839506,2981.34829,4391.480864814815,1788.8089739999998,0.40733616496708397,8.186565223344425
406,Iraq,IRQ,2014,1.0035282926829268,4773.250075,782.7520682926829,2863.950045,3.6588214340292557,73.58774765648927
407,Iraq,IRQ,2015,1.108434065934066,3504.846622,864.5785714285714,2102.9079732,2.4322924979800233,48.91703994351114
408,Iraq,IRQ,2016,1.050042789968652,3430.956759,819.0333761755486,2058.5740554,2.51341900743099,50.54883870798694
409,Iraq,IRQ,2017,2.446371000893655,3665.420114,1908.1693806970509,2199.2520684,1.152545518572684,23.1758912860466
410,Iraq,IRQ,2018,2.237417680074836,4178.25946,1745.1857904583724,2506.955676,1.4364978730095832,28.887379482394802
411,Iraq,IRQ,2019,2.291243744120414,4315.563922,1787.1701204139229,2589.3383532000003,1.4488482789765358,29.13579861609152
412,Iraq,IRQ,2020,2.535574729567308,3540.936976,1977.7482890625001,2124.5621856,1.0742328522539604,21.60069086134527
413,Iraq,IRQ,2021,2.2272312084257204,3731.836939,1737.240342572062,2239.1021634,1.2888845075315882,25.918247579182655
424,Jordan,JOR,2014,3.23911848864994,3857.533834,2526.512421146953,2314.5203004,0.9160929829702893,18.419826245600554
425,Jordan,JOR,2015,3.1601030793650793,3716.739557,2464.880401904762,2230.0437342,0.904726952462566,18.1912070844285
426,Jordan,JOR,2016,3.190577549849809,3652.760407,2488.6504888828513,2191.6562442,0.8806605242441371,17.707128968681214
427,Jordan,JOR,2017,3.0633350779294766,3803.780529,2389.4013607849915,2282.2683174,0.9551632282699483,19.20569486535528
428,Jordan,JOR,2018,3.2104429971524415,3892.45546,2504.1455377789043,2335.473276,0.9326427880351911,18.752713135964605
429,Jordan,JOR,2019,3.2178965482969866,3983.968326,2509.9593076716496,2390.3809956,0.95235846584996,19.14927917728292
430,Jordan,JOR,2020,3.318454587151009,3856.016455,2588.3945779777873,2313.609873,0.8938397154299148,17.97221849415551
431,Jordan,JOR,2021,3.328365494278388,3934.821392,2596.1250855371427,2360.8928352,0.9093910183112487,18.285021263552206
435,Kazakhstan,KAZ,2014,1.6203086705202312,8650.950665,1263.8407630057804,5190.570399,4.1069813151581815,82.60214683701619
436,Kazakhstan,KAZ,2015,1.6586684210526315,7837.748709,1293.7613684210526,4702.6492254,3.6348660117586156,73.10590234195182
437,Kazakhstan,KAZ,2016,1.108354716981132,5573.041793,864.5166792452831,3343.8250758,3.867854902139234,77.79229876197122
438,Kazakhstan,KAZ,2017,1.326602564102564,6430.94922,1034.75,3858.569532,3.7289872258999757,74.99907982470377
439,Kazakhstan,KAZ,2018,1.2147028901734103,6378.173082,947.4682543352601,3826.9038492,4.03908398164215,81.2364430036764
440,Kazakhstan,KAZ,2019,1.1582124999999999,6467.85264,903.4057499999998,3880.7115839999997,4.295646318390159,86.39700158002518
441,Kazakhstan,KAZ,2020,1.2731377483443709,6516.654531,993.0474437086093,3909.9927186,3.9373674876981126,79.19049217616039
442,Kenya,KEN,2014,0.6636281115037299,1096.778548,517.6299269729093,658.0671288,1.271308119003793,25.564711734022964
443,Kenya,KEN,2015,0.5851081955069825,1120.341727,456.38439249544626,672.2050362,1.4728922532264448,29.619425087137998
444,Kenya,KEN,2016,0.5503477520128824,1304.88953,429.2712465700483,782.9337179999999,1.8238671335566408,36.67902101898332
445,Kenya,KEN,2017,0.6485479070598749,1389.231962,505.8673675067024,833.5391772,1.6477425324118307,33.13640703883174
446,Kenya,KEN,2018,0.5859351452991454,1547.851256,457.02941333333337,928.7107535999999,2.0320590458860615,40.866644862436566
447,Kenya,KEN,2019,0.622713112942613,1676.295792,485.71622809523814,1005.7774751999999,2.0707100504840232,41.644080770569936
448,Kenya,KEN,2020,0.6850769669030733,1643.944914,534.3600341843971,986.3669484,1.8458845821160796,37.12188544886388
449,Kenya,KEN,2021,1.0169466575385777,1789.596665,793.2183928800906,1073.757999,1.3536725933715432,27.22141123236915
453,Kyrgyzstan,KGZ,2014,1.6371326379310347,968.7440066,1276.963457586207,581.24640396,0.4551785726575973,9.148879296601981
454,Kyrgyzstan,KGZ,2015,1.4342833621434745,837.5652994,1118.7410224719101,502.53917963999993,0.44920063673862276,9.028637608493927
455,Kyrgyzstan,KGZ,2016,1.2141424014336917,872.4421614,947.0310731182796,523.46529684,0.5527435283790543,11.111325052987384
456,Kyrgyzstan,KGZ,2017,1.6349909905579398,942.9032743,1275.292972635193,565.74196458,0.4436172524427723,8.916332029747572
457,Kyrgyzstan,KGZ,2018,1.551416329594478,1050.331629,1210.104737083693,630.1989774,0.5207805226172041,10.468413214870596
458,Kyrgyzstan,KGZ,2019,1.4996771738331496,974.7624073,1169.7481955898568,584.85744438,0.49998576324802957,10.050142259102433
459,Kyrgyzstan,KGZ,2020,1.5310957719054241,910.1555136,1194.2547020862307,546.09330816,0.4572670362578732,9.190887172272296
460,Kyrgyzstan,KGZ,2021,1.5491892848410758,870.465986,1208.367642176039,522.2795916,0.43221911392750834,8.687067040135597
464,Laos,LAO,2014,3.158321124572849,1523.374688,2463.490477166822,914.0248128000001,0.37102835236091086,7.4562608610276735
465,Laos,LAO,2015,3.278426270627063,1643.221809,2557.172491089109,985.9330853999999,0.38555595636807727,7.748472696962954
466,Laos,LAO,2016,3.1900304866412212,1787.305019,2488.2237795801525,1072.3830114,0.4309833465143345,8.66221050739872
467,Laos,LAO,2017,3.205174055158325,1846.315217,2500.0357630234935,1107.7891302,0.4431093133084872,8.906115215818751
468,Laos,LAO,2018,2.981370441233893,1953.824152,2325.468944162437,1172.2944911999998,0.5041110070047504,10.133118436814692
469,Laos,LAO,2019,2.784042502532928,1950.776395,2171.553151975684,1170.465837,0.5389993958633282,10.834872157260262
470,Laos,LAO,2020,2.9330409481277915,1928.626685,2287.7719395396775,1157.176011,0.505809163492422,10.16727557826232
471,Laos,LAO,2021,2.781575215011728,1837.87641,2169.628667709148,1102.725846,0.5082555657620151,10.216483121246107
475,Lebanon,LBN,2014,3.89496407317695,6113.99873,3038.071977078021,3668.399238,1.2074760788018655,24.2807782202998
476,Lebanon,LBN,2015,3.381192893297433,6260.06247,2637.330456771998,3756.0374819999997,1.4241815895142929,28.63964669656977
477,Lebanon,LBN,2016,3.643495261060783,6589.188471,2841.9263036274106,3953.5130826,1.3911384955879291,27.97500969679737
478,Lebanon,LBN,2017,4.000005404147603,7103.130478,3120.0042152351307,4261.8782868,1.365984784888765,27.46906171113078
479,Lebanon,LBN,2018,4.202889391467456,7334.310867,3278.2537253446153,4400.5865201999995,1.3423569036705365,26.99380463868901
480,Lebanon,LBN,2019,3.8878910065040917,6971.830179,3032.5549850731913,4183.098107399999,1.3793972831457297,27.738844032992876
481,Lebanon,LBN,2020,7.6839429252548,4242.29949,5993.475481698744,2545.379694,0.42469176720124957,8.535660118146502
482,Lebanon,LBN,2021,20.838702748329442,3026.708667,16254.188143696963,1816.0252002,0.11172660142390543,2.2406010271584673
486,Lesotho,LSO,2014,1.085630393263992,1092.374061,846.7917067459138,655.4244365999999,0.7740090406868675,15.561914534138698
487,Lesotho,LSO,2015,0.9581595581395349,1055.642923,747.3644553488373,633.3857538000001,0.8474924774210236,17.039978635302894
488,Lesotho,LSO,2016,0.94232320110957,929.0569852,735.0120968654646,557.4341911199999,0.7584013834564572,15.24797823936518
489,Lesotho,LSO,2017,1.0158280534304798,1004.31863,792.3458816757742,602.591178,0.7605153152630112,15.29049838886336
490,Lesotho,LSO,2018,1.0847513469387755,1105.384802,846.1060506122449,663.2308812,0.7838625911256445,15.76011129547495
491,Lesotho,LSO,2019,1.0737169080675422,1054.949247,837.4991882926829,632.9695482,0.7557852676733515,15.195357036610515
492,Lesotho,LSO,2020,1.0372357226277371,927.4727011,809.0438636496349,556.4836206599999,0.6878287391609105,13.828462540407774
493,Lesotho,LSO,2021,1.3674815882352942,1037.386126,1066.6356388235295,622.4316756000001,0.5835466704323938,11.730907104338826
497,Liberia,LBR,2014,0.8876498552950589,347.8005957,692.3668871301459,208.68035741999998,0.3014014120244515,6.055767286434333
498,Liberia,LBR,2015,0.8952014254325926,379.1231926,698.2571118374223,227.47391556,0.32577386138096875,6.546000787374636
499,Liberia,LBR,2016,0.791743931148503,372.0135046,617.5602662958324,223.20810275999997,0.3614353366657104,7.263304560245545
500,Liberia,LBR,2017,0.8464929519511831,354.6131263,660.2645025219229,212.76787577999997,0.32224642543604776,6.475049064495832
501,Liberia,LBR,2018,0.8635836152277997,386.918153,673.5952198776838,232.1508918,0.3446445060019215,6.9255696211101
502,Liberia,LBR,2019,0.6830328790742475,352.7417526,532.7656456779131,211.64505155999998,0.39725731806654696,7.983836793008377
503,Liberia,LBR,2020,0.9763309863298814,328.0628,761.5381693373075,196.83767999999998,0.2584738203881345,5.192311044225343
504,Libya,LBY,2017,6.16597800486618,8732.533204,4809.462843795621,5239.5199224,1.089418941901,21.906147641021413
505,Libya,LBY,2018,6.555940542621335,9433.624865,5113.633623244642,5660.174919,1.1068792440019535,22.25734849495351
506,Libya,LBY,2019,5.463355705936634,8419.926615,4261.417450630574,5051.955969,1.1855106962713655,23.83896105945952
507,Libya,LBY,2020,5.402736739904384,6394.742868,4214.13465712542,3836.8457208,0.910470602621232,18.306736290552635
508,Libya,LBY,2021,1.803280414772153,4638.500824,1406.5587235222793,2783.1004943999997,1.9786592965209508,39.79254903818603
512,Madagascar,MDG,2014,1.015909765625,410.5563549,792.4096171875,246.33381293999997,0.3108667633468568,6.246155714307786
513,Madagascar,MDG,2015,0.7800673076923077,355.0491725,608.4525,213.0295035,0.35011690066192513,7.035642726749081
514,Madagascar,MDG,2016,0.8106220379146919,362.3558659,632.2851895734597,217.41351954,0.34385356975808246,6.909660533017807
515,Madagascar,MDG,2017,0.852545987654321,406.0441195,664.9858703703704,243.6264717,0.3663633808704985,7.362428465601236
516,Madagascar,MDG,2018,0.8192149743589744,425.9028726,638.9876800000001,255.54172356,0.3999165110037802,8.037324460342353
517,Madagascar,MDG,2019,0.7667334610472542,425.9078066,598.0520996168582,255.54468396,0.4272950201557934,8.588022594772102
518,Madagascar,MDG,2020,0.6243228637413395,383.4859234,486.97183371824485,230.09155403999998,0.4724945840977073,9.49717785233731
519,Madagascar,MDG,2021,0.8343567343555739,421.0132893,650.7982527973477,252.60797358,0.3881509707412501,7.800669460716234
522,Malawi,MWI,2014,0.9563466428571428,281.1542056,745.9503814285713,168.69252336,0.22614442938810025,4.542029642410608
523,Malawi,MWI,2015,1.0526401372212693,295.5953716,821.05930703259,177.35722296,0.21601024608196814,4.338188161865797
524,Malawi,MWI,2016,0.8574606169871795,251.6751374,668.81928125,151.00508244,0.22577860219247378,4.534671303319294
525,Malawi,MWI,2017,0.8997511870845204,421.4651141,701.8059259259259,252.87906845999998,0.3603262085972908,7.240995282748692
526,Malawi,MWI,2018,0.7971028193325662,465.7924706,621.7401990794016,279.47548236,0.44950524796983343,9.034764634469765
527,Malawi,MWI,2019,0.6935524152542373,512.398439,540.9708838983051,307.4390634,0.568309815834366,11.424429225827526
528,Malawi,MWI,2020,0.44815115341545353,556.8341617,349.5578996640537,334.10049702,0.9557801363982641,19.218103508700022
529,Malawi,MWI,2021,0.42512931187428715,563.0449238,331.60086326194397,337.82695428,1.0187758588949685,20.485215120342993
533,Mali,MLI,2014,0.495762140175219,681.4756523,386.69446933667086,408.88539138,1.0573861893639054,21.261832898940916
534,Mali,MLI,2015,0.5526820546448087,603.9903654,431.09200262295076,362.39421924,0.8406424081983344,16.902194641269304
535,Mali,MLI,2016,0.5388119628550619,624.8371077,420.2733310269483,374.90226462000004,0.8920439079584638,17.936097176561766
536,Mali,MLI,2017,0.5770647681294739,667.4863348,450.11051914098965,400.49180087999997,0.8897632555762434,17.89022356798804
537,Mali,MLI,2018,0.6277689862830378,717.5328318,489.6598093007695,430.51969908,0.8792220453926551,17.678195047716805
538,Mali,MLI,2019,0.5575042955665025,694.9824882,434.8533505418719,416.98949292000003,0.9589198114729675,19.28125571310804
539,Mali,MLI,2020,11.04836206068268,671.7258539,8617.72240733249,403.03551233999997,0.04676821708681083,0.9340119476950939
540,Mali,MLI,2021,16.03361983769733,647.8364018,12506.223473403918,388.70184107999995,0.031080672907102938,0.6184687869779547
544,Mauritania,MRT,2014,0.902533738317757,1434.137813,703.9763158878504,860.4826878,1.2223176666316746,24.579305604843313
545,Mauritania,MRT,2015,0.8313994949494949,1352.093741,648.491606060606,811.2562446,1.2509895841646135,25.15601967675442
546,Mauritania,MRT,2016,0.7685448763250883,1373.25681,599.4650035335688,823.9540860000001,1.3744823820292627,27.63998449098067
547,Mauritania,MRT,2017,0.7758008620689656,1416.737619,605.1246724137932,850.0425713999999,1.4047395688052995,28.24858506225869
548,Mauritania,MRT,2018,5.002362860310421,1567.198087,3901.843031042128,940.3188521999999,0.24099351119946355,4.84070776276075
549,Mauritania,MRT,2019,26.805920426666667,1633.702468,20908.6179328,980.2214807999999,0.04688121825892164,0.9362848813425867
550,Mauritania,MRT,2020,37.53436466328748,1647.919902,29276.80443736423,988.7519412,0.033772536320190574,0.6726135963792382
551,Mauritania,MRT,2021,45.041315317286646,1772.217274,35132.22594748359,1063.3303644,0.030266524130565745,0.6020927962365332
572,Mongolia,MNG,2014,1.8662958333333335,3154.45141,1455.7107500000002,1892.670846,1.3001695879487045,26.14523849012269
573,Mongolia,MNG,2015,1.6090419871794872,2831.94092,1255.05275,1699.164552,1.353859072457313,27.2251621190253
574,Mongolia,MNG,2016,1.3821128205128206,2648.594218,1078.048,1589.1565308000002,1.4741055414972248,29.643829468820517
575,Mongolia,MNG,2017,1.2308926282051282,2393.355715,960.0962499999999,1436.013429,1.4956973626342152,30.078132722991935
576,Mongolia,MNG,2018,1.3613695512820512,2878.387181,1061.8682499999998,1727.0323086,1.6264092165859563,32.70730342470578
577,Mongolia,MNG,2019,1.5508499999999998,3115.040737,1209.6629999999998,1869.0244421999998,1.545078622889185,31.071399659011423
578,Mongolia,MNG,2020,1.5792714743589744,2939.559917,1231.83175,1763.7359502,1.4317993915971072,28.79287306007147
579,Mongolia,MNG,2021,1.791441987179487,2762.494618,1397.32475,1657.4967708000001,1.1861929524972632,23.852684130672742
581,Mozambique,MOZ,2014,1.091822371967655,558.5935243,851.6214501347708,335.15611458,0.3935505787541646,7.909278517654065
582,Mozambique,MOZ,2015,0.9591527556325823,478.9661239,748.1391493934142,287.37967434,0.38412596717202324,7.7197095390368125
583,Mozambique,MOZ,2016,0.9398899371069183,346.1664631,733.1141509433962,207.69987786,0.28331178383710737,5.691908011263916
584,Mozambique,MOZ,2017,0.9090807245867043,361.5122781,709.0829651776294,216.90736686,0.305898431512402,6.1462214535607576
585,Mozambique,MOZ,2018,0.8510785503443753,401.4417349,663.8412692686127,240.86504093999997,0.36283529224595074,7.291463614562281
586,Mozambique,MOZ,2019,0.9105385359951603,395.08235,710.2200580762251,237.04941,0.3337689597814181,6.706816182736874
587,Mozambique,MOZ,2020,1.000779627625027,345.2501603,780.6081095475209,207.15009618,0.26537015647976603,5.331025661554415
588,Mozambique,MOZ,2021,1.2565311958355454,370.5211127,980.0943327517253,222.31266761999998,0.22682782686420816,4.555775669014067
592,Myanmar,MMR,2014,0.9340111397479953,1073.675814,728.5286890034364,644.2054883999999,0.8842554838591419,17.77943887943426
593,Myanmar,MMR,2015,0.8508025080128204,1071.210598,663.62595625,642.7263588,0.9685069620120061,19.474094040682118
594,Myanmar,MMR,2016,0.9164518548976609,1017.942327,714.8324468201755,610.7653961999999,0.8544175616494436,17.179271499796915
595,Myanmar,MMR,2017,0.8784725021626297,1028.969312,685.2085516868511,617.3815871999999,0.9010126707848664,18.116497100064525
596,Myanmar,MMR,2018,0.8652529044117647,1131.094909,674.8972654411765,678.6569453999999,1.0055707440989048,20.219604160931485
597,Myanmar,MMR,2019,0.801559587585034,1149.997001,625.2164783163265,689.9982005999999,1.1036148670587298,22.191688006183742
598,Myanmar,MMR,2020,0.7712470587562872,1313.231506,601.572705829904,787.9389036,1.3097982936459744,26.338912668472524
599,Myanmar,MMR,2021,0.7734023212683219,1049.622085,603.2538105892911,629.773251,1.0439606678734499,20.99178862452517
603,Namibia,NAM,2014,0.7633321321321321,4683.994376,595.3990630630631,2810.3966256,4.720189869197577,94.93637602571643
604,Namibia,NAM,2015,0.7158683582089552,4166.630808,558.3773194029851,2499.9784848,4.477220685598347,90.04923350860183
605,Namibia,NAM,2016,0.7499409226190477,3727.418851,584.9539196428572,2236.4513106,3.823294853662084,76.89600687733217
606,Namibia,NAM,2017,0.7901155455904335,4383.343448,616.2901255605382,2630.0060688,4.2674804604534495,85.83046651654752
607,Namibia,NAM,2018,0.7905392215568862,4496.628371,616.6205928143712,2697.9770225999996,4.375424781527212,88.00168540606238
608,Namibia,NAM,2019,0.8116472222222222,4030.654589,633.0848333333333,2418.3927534,3.820013726543757,76.8300094713793
609,Namibia,NAM,2020,0.7688095665171899,3334.701483,599.6714618834081,2000.8208897999998,3.3365284442850673,67.10506639702196
610,Namibia,NAM,2021,0.9015449404761905,3617.974066,703.2050535714286,2170.7844396,3.0869864040012915,62.085715807730914
612,Nepal,NPL,2014,0.4393543209876543,793.3018089,342.6963703703704,475.98108533999994,1.3889294620353918,27.93057664715538
613,Nepal,NPL,2015,0.4289706349206349,832.0276961,334.5970952380952,499.21661765999994,1.491993280171077,30.00362788816333
614,Nepal,NPL,2016,0.41965454545454545,824.8121836,327.3305454545455,494.88731015999997,1.5118885696193671,30.40380668249726
615,Nepal,NPL,2017,0.41758068181818186,980.2782562,325.71293181818186,588.1669537199999,1.8057832412018693,36.315277115774165
616,Nepal,NPL,2018,0.4050564102564102,1110.544103,315.94399999999996,666.3264618,2.10900179082369,42.41429034816384
617,Nepal,NPL,2019,1.1219656632982156,1131.126305,875.1332173726081,678.675783,0.7755113958964698,15.592133280038452
618,Nepal,NPL,2020,1.1651134229423679,1084.742579,908.7884698950469,650.8455474,0.7161683592609445,14.398492699204384
619,Nepal,NPL,2021,1.3396390205091937,1148.158612,1044.9184359971712,688.8951672,0.659281283081759,13.254251917096761
623,Nicaragua,NIC,2014,1.9409728006424114,1715.007071,1513.9587845010808,1029.0042426,0.6796778440300172,13.664513410906494
624,Nicaragua,NIC,2015,2.131926350872836,1817.117026,1662.9025536808122,1090.2702155999998,0.6556428776819794,13.18106812703599
625,Nicaragua,NIC,2016,2.092005240801188,1845.904938,1631.7640878249267,1107.5429628,0.6787396358724308,13.645642058955922
626,Nicaragua,NIC,2017,2.0037088559082843,1886.71927,1562.8929076084617,1132.031562,0.7243180620303884,14.562417845251268
627,Nicaragua,NIC,2018,1.9242882845563183,1763.488722,1500.9448619539282,1058.0932332,0.7049514342735919,14.172872683509729
628,Nicaragua,NIC,2019,1.8678889579925038,1713.324155,1456.9533872341528,1027.994493,0.7055781619421067,14.185478839525393
629,Nicaragua,NIC,2020,1.6710911763656633,1628.193706,1303.4511175652174,976.9162236,0.7494843576679971,15.068618967496066
630,Nicaragua,NIC,2021,1.7631344464882943,1747.483296,1375.2448682608697,1048.4899776,0.7624023923288055,15.328455525750842
634,Niger,NER,2014,0.5943860961412688,565.3995971,463.62115499018967,339.23975826000003,0.7317175987518914,14.711253965054249
635,Niger,NER,2015,0.45211674113712375,494.5363719,352.65105808695654,296.72182313999997,0.8414034676363694,16.917502779867682
636,Niger,NER,2016,0.4617774770509577,501.8618198,360.186432099747,301.11709188,0.8360034277932245,16.80888503698932
637,Niger,NER,2017,0.5131192128801432,519.5663171,400.23298604651166,311.73979026,0.7788957960196021,15.660207944864961
638,Niger,NER,2018,0.5103969163208852,587.8010375,398.1095947302905,352.68062249999997,0.885888275912899,17.812281264420353
639,Niger,NER,2019,0.45249078740409204,565.8013076,352.94281417519176,339.48078455999996,0.9618577597431702,19.340350334457533
640,Niger,NER,2020,0.515796938065414,532.6170935,402.32161169102295,319.5702561,0.7943154103921846,15.97036189888268
641,Niger,NER,2021,0.58593851540719,592.226305,457.0320420176082,355.335783,0.7774854940833883,15.631840781373937
645,Nigeria,NGA,2014,1.8884636030368764,2601.389273,1473.0016103687637,1560.8335637999999,1.059627873325439,21.306922687020442
646,Nigeria,NGA,2015,1.4962868168523675,2241.012089,1167.1037171448465,1344.6072533999998,1.1520889134766792,23.166707017716107
647,Nigeria,NGA,2016,1.530616816611283,1812.315359,1193.8811169568007,1087.3892154,0.9108019215277915,18.313400521345134
648,Nigeria,NGA,2017,1.3744325103956676,1605.39994,1072.0573581086207,963.239964,0.898496667845644,18.065889591921678
649,Nigeria,NGA,2018,1.2880524817323942,1700.061823,1004.6809357512675,1020.0370938,1.0152846117630865,20.414991308239646
650,Nigeria,NGA,2019,1.066216573250681,1790.763503,831.6489271355312,1074.4581018,1.2919611469959835,25.980131869665684
651,Nigeria,NGA,2020,0.947929352647398,1697.976912,739.3848950649705,1018.7861472,1.377883364942799,27.708392706172845
652,Nigeria,NGA,2021,1.180002081956198,1662.532378,920.4016239258345,997.5194268,1.0837871216971904,21.792867810389957
656,Pakistan,PAK,2014,1.0937023131672599,1055.618424,853.0878042704627,633.3710543999999,0.7424453277018085,14.92703417012626
657,Pakistan,PAK,2015,0.9988015483870968,1159.446046,779.0652077419355,695.6676276,0.8929517332911613,17.954357400824847
658,Pakistan,PAK,2016,1.0259692857142857,1328.741548,800.2560428571428,797.2449287999999,0.9962373116904031,20.031869182863474
659,Pakistan,PAK,2017,0.9407238095238095,1417.920421,733.7645714285713,850.7522526,1.159434900139243,23.314466018330727
660,Pakistan,PAK,2018,0.862964625,1461.09408,673.1124075,876.6564480000001,1.3023923467047367,26.189947611917372
661,Pakistan,PAK,2019,0.8032547435897435,1293.158444,626.5387,775.8950663999999,1.238383305612247,24.902453858311034
662,Pakistan,PAK,2020,0.9151960256410256,1189.742041,713.8529,713.8452245999999,0.9999892479248875,20.107336560336726
663,Pakistan,PAK,2021,1.036903846153846,1363.232952,808.7849999999999,817.9397712,1.011319165414789,20.335229335297157
687,Paraguay,PRY,2014,2.2037447916666664,5817.495633,1718.9209374999998,3490.4973798,2.0306328834859517,40.837958677634695
688,Paraguay,PRY,2015,1.821484375,5169.88319,1420.7578125,3101.929914,2.183292526501592,43.908592660831054
689,Paraguay,PRY,2016,1.8520708333333333,5108.910344,1444.61525,3065.3462064,2.1219118422015826,42.67396632868284
695,Peru,PER,2014,1.2127856435643565,5707.094674,945.972801980198,3424.2568044,3.6198258525319416,72.80338084300283
696,Peru,PER,2015,1.11715960591133,5394.27959,871.3844926108375,3236.567754,3.7142820206756415,74.70329567376685
697,Peru,PER,2016,1.087779411764706,5262.984077,848.4679411764706,3157.7904462,3.7217557587638064,74.85362429829189
698,Peru,PER,2017,1.1490279411764706,5605.941852,896.241794117647,3363.5651112,3.7529661451588976,75.48139776350062
699,Peru,PER,2018,1.1166113402061857,5758.865069,870.9568453608249,3455.3190414,3.9672677926637236,79.79191433804723
700,Peru,PER,2019,1.116813567839196,6033.402536,871.1145829145729,3620.0415215999997,4.155643347730529,83.58094704875748
701,Peru,PER,2020,1.026248201438849,5281.024845,800.4735971223022,3168.6149069999997,3.9584252602348804,79.61405344411904
702,Peru,PER,2021,0.9312016666666667,5142.144386,726.3373,3085.2866316,4.247732605223495,85.43325325070668
704,Philippines,PHL,2014,1.8932678033306898,2886.666823,1476.748886597938,1732.0000938,1.1728467239884617,23.58423477498788
705,Philippines,PHL,2015,1.8242257285595338,2957.761199,1422.8960682764364,1774.6567194,1.247214578046908,25.080088265919052
706,Philippines,PHL,2016,1.8685456422965716,3034.559766,1457.4656009913258,1820.7358596,1.249247912514428,25.120987260517985
707,Philippines,PHL,2017,1.6003427712854759,3086.413894,1248.2673616026711,1851.8483363999999,1.4835350129017082,29.833496199111625
708,Philippines,PHL,2018,1.636106183635228,3200.757588,1276.1628232354778,1920.4545527999999,1.5048663993604185,30.262561005467163
709,Philippines,PHL,2019,1.5345093086926762,3391.151239,1196.9172607802875,2034.6907433999997,1.6999426861582358,34.1863738988051
710,Philippines,PHL,2020,2.349222983216509,3130.213044,1832.393926908877,1878.1278264,1.024958552208407,20.60957534954895
711,Philippines,PHL,2021,2.7059877607814573,3196.290905,2110.670453409537,1917.7745429999998,0.908609176720157,18.269295107564556
722,Rwanda,RWA,2014,2.110642250740375,581.5624262,1646.3009555774925,348.93745572,0.21195241036448229,4.256567846200159
723,Rwanda,RWA,2015,3.2581674721400953,597.1413101,2541.370628269274,358.28478606000004,0.14098092662068712,2.8290297915013274
724,Rwanda,RWA,2016,0.8845563106796117,587.8452607,689.9539223300972,352.70715642,0.5112039297187342,10.27578724630164
725,Rwanda,RWA,2017,0.8322836206896552,601.740449,649.181224137931,361.0442694,0.5561532835140796,11.179909714821777
726,Rwanda,RWA,2018,0.7337175757575758,620.0901539,572.2997090909091,372.05409234,0.6501035845903246,13.069649409723928
727,Rwanda,RWA,2019,0.7503587955625991,655.5833576,585.2798605388273,393.35001456,0.6720716721704202,13.51152098060376
728,Rwanda,RWA,2020,0.8117037190082645,633.3931554,633.1289008264464,380.03589323999995,0.6002504272730642,12.066890618965258
729,Rwanda,RWA,2021,0.7938827430293897,673.7038349,619.228539562924,404.22230093999997,0.6527837060373801,13.123558038303512
733,Senegal,SEN,2014,0.4901518543046358,1218.578802,382.3184463576159,731.1472812,1.912403882589787,38.45987118326055
734,Senegal,SEN,2015,0.3977575221238938,1062.340567,310.25086725663715,637.4043402,2.0544804462149786,41.31763447855777
735,Senegal,SEN,2016,0.38837530006317117,1100.875398,302.9327340492735,660.5252387999999,2.1804353394590965,43.8511224908783
736,Senegal,SEN,2017,0.4225149418248622,1189.313613,329.56165462339254,713.5881678,2.165264550014032,43.54597346326556
737,Senegal,SEN,2018,0.4375945578231293,1269.083559,341.3237551020409,761.4501353999999,2.23087354459803,44.8656490788592
738,Senegal,SEN,2019,0.43132425502425503,1241.178618,336.4329189189189,744.7071708,2.2135383576405494,44.51696482200391
739,Senegal,SEN,2020,0.5860693443591258,1267.66175,457.1340886001181,760.59705,1.6638379612624747,33.460154493146455
740,Senegal,SEN,2021,0.6149692655367232,1376.938472,479.676027118644,826.1630832,1.7223355692021172,34.63678991117085
744,Sierra Leone,SLE,2014,0.8671027707808564,624.7856882,676.340161209068,374.87141291999995,0.5542646059193888,11.141920384498471
745,Sierra Leone,SLE,2015,0.9058,507.4644474,706.5240000000001,304.47866844,0.4309530439730284,8.661600994555158
746,Sierra Leone,SLE,2016,1.6498028629856851,372.2399152,1286.8462331288345,223.34394912,0.17355915832846797,3.4843164371284763
747,Sierra Leone,SLE,2017,1.200893528904228,412.5296504,936.6969525452978,247.51779023999998,0.26424532456032546,5.30840051289699
748,Sierra Leone,SLE,2018,1.2679804587935428,437.3732876,989.0247578589634,262.42397256,0.2653361005118762,5.330340651356125
749,Sierra Leone,SLE,2019,1.5961004128819158,458.8978614,1244.9583220478944,275.33871684,0.22116299956699076,4.441831925506217
750,Sierra Leone,SLE,2020,1.4043456121343445,437.7147019,1095.3895774647885,262.62882114,0.2397583713986381,4.815863853974559
751,Sierra Leone,SLE,2021,1.2026599622878693,426.1869189,938.0747705845381,255.71215134,0.27259250473249513,5.47629776847947
755,Somalia,SOM,2014,295.12212,279.904785,230195.2536,167.942871,0.0007295670452520573,0.00797910387656516
756,Somalia,SOM,2015,448.9458638676845,284.330978,350177.7738167939,170.5985868,0.00048717708420082024,0.0031036119856708796
757,Somalia,SOM,2016,649.6046905370844,281.1107645,506691.65861892584,168.6664587,0.00033287790677219566,0.0
758,Somalia,SOM,2017,161.09771298850575,277.1793348,125656.21613103448,166.30760088,0.0013235127238478532,0.01992587480332556
759,Somalia,SOM,2018,67.470889,305.6489595,52627.29342,183.3893757,0.0034846818785916576,0.06339616805766118
760,Somalia,SOM,2019,83.55541687141688,330.366143,65173.22515970517,198.2196858,0.003041428214029123,0.05448045373594884
761,Somalia,SOM,2020,75.95839988610479,332.6728523,59247.55191116173,199.60371138,0.003368978209923242,0.06106887572305689
762,Somalia,SOM,2021,44.41342978142077,356.3946313,34642.4752295082,213.83677878,0.006172676096708455,0.11746315151011912
775,South Sudan,SSD,2014,2.546930781089414,794.5896276,1986.606009249743,476.75377655999995,0.23998406042275572,4.820403419071138
776,South Sudan,SSD,2015,4.576001114023591,779.2201828,3569.280868938401,467.53210967999996,0.1309877610777816,2.6280247772775693
786,Sri Lanka,LKA,2014,0.6638085714285714,3591.513357,517.7706857142857,2154.9080142,4.161896518392532,83.70672487686038
787,Sri Lanka,LKA,2015,0.5689881516587678,3677.662262,443.8107582938389,2206.5973572,4.971933005145974,100.0
788,Sri Lanka,LKA,2016,0.6006350537634408,3756.436852,468.4953419354839,2253.8621111999996,4.81085276512819,96.75999203686492
789,Sri Lanka,LKA,2017,0.6324423766816143,3969.483101,493.3050538116591,2381.6898606,4.8280264761068405,97.10542832576829
792,Sri Lanka,LKA,2020,1.4791790172642763,3490.725902,1153.7596334661355,2094.4355412,1.8153135891120382,36.506972901160296
793,Sri Lanka,LKA,2021,0.8767629251700679,3611.591236,683.875081632653,2166.9547416,3.16864117409675,63.72814013804008
797,Sudan,SDN,2014,0.7697273479193479,1780.383545,600.3873313770914,1068.2301269999998,1.7792349557906737,35.7812783079107
798,Sudan,SDN,2015,0.6185351153389704,1900.490356,482.45738996439695,1140.2942136,2.3635127937083693,47.53358788559496
799,Sudan,SDN,2016,0.7274783315130333,2245.953125,567.433098580166,1347.5718749999999,2.3748559581242286,47.76174711251489
800,Sudan,SDN,2017,0.8408090848385331,2685.498779,655.8310861740558,1611.2992674,2.4568815070964254,49.41162938125936
801,Sudan,SDN,2018,0.6756279058758006,627.3396606,526.9897665831245,376.40379636,0.7142525723042255,14.359958084438755
802,Sudan,SDN,2019,0.4664952412152412,599.9625854,363.8662881478881,359.97755123999997,0.9893127309823557,19.89258644630331
803,Sudan,SDN,2020,1.1637361294261295,485.285614,907.714180952381,291.1713684,0.3207742861244061,6.445438088673867
804,Sudan,SDN,2021,0.5962309846586162,598.4122925,465.0601680337207,359.0473755,0.7720449958508726,15.522409248401134
808,Syria,SYR,2014,4.119175978535353,901.0536869,3212.9572632575755,540.63221214,0.16826623196097543,3.3778532013084273
809,Syria,SYR,2015,24.00501922398589,729.2215636,18723.914994708997,437.53293815999996,0.023367599045586246,0.4633261032521042
810,Syria,SYR,2016,18.98913210711532,582.9420374,14811.52304354995,349.76522244,0.023614399505816792,0.46829030901914365
811,Syria,SYR,2017,10.33358566855495,764.1230845,8060.19682147286,458.4738507,0.056881222736223695,1.1374274555917185
812,Syria,SYR,2018,6.762365325748125,984.9825548,5274.644954083538,590.98953288,0.11204347174542358,2.2469746355221414
813,Syria,SYR,2019,9.510616523891803,1005.344453,7418.280888635607,603.2066718,0.08131353892572052,1.6288651328826402
814,Syria,SYR,2020,15.369663440899766,479.3055797,11988.337483901818,287.58334782,0.02398859293093581,0.47581692852880264
819,Tajikistan,TJK,2014,1.7379339167739167,1169.443656,1355.5884550836552,701.6661935999999,0.5176100393660399,10.404641327147903
820,Tajikistan,TJK,2015,1.4737209220636664,1029.792257,1149.5023192096598,617.8753542000001,0.5375155350924565,10.805025413095509
821,Tajikistan,TJK,2016,1.2332375484301936,842.6704883,961.925287775551,505.60229297999996,0.5256149301877733,10.565653689704476
822,Tajikistan,TJK,2017,1.229183700097371,897.2774091,958.7632860759494,538.36644546,0.5615217575377128,11.287892534964927
823,Tajikistan,TJK,2018,1.1759584718331777,879.762205,917.2476080298786,527.857323,0.5754796397166569,11.568644844517529
824,Tajikistan,TJK,2019,1.2225058471760797,891.0495738,953.5545607973421,534.62974428,0.5606703237127343,11.270766583496837
825,Tajikistan,TJK,2020,1.419886571485227,850.7943696,1107.511525758477,510.47662175999994,0.4609221754242251,9.264407549470889
826,Tajikistan,TJK,2021,1.505633374343832,908.5789359,1174.394031988189,545.14736154,0.46419459456643647,9.33022980102893
830,Tanzania,TZA,2014,0.6412393004385966,820.1409912,500.1666543421053,492.08459472,0.9838412666019568,19.7825320525394
831,Tanzania,TZA,2015,0.6172134821802935,776.3251343,481.42651610062893,465.79508057999993,0.9675310042179694,19.45446338316625
832,Tanzania,TZA,2016,1.2338397099176792,794.6719971,962.3949737357898,476.80319826,0.49543400710953706,9.958587105389373
833,Tanzania,TZA,2017,1.2297361498075754,837.1895142,959.1941968499088,502.31370852,0.5236830145237005,10.526794658112456
834,Tanzania,TZA,2018,1.1779794838430582,895.0131226,918.8239973975855,537.00787356,0.5844512932628931,11.749102912677131
835,Tanzania,TZA,2019,1.0796940195392843,953.7161865,842.1613352406417,572.2297119,0.6794775394627792,13.660484435081578
836,Tanzania,TZA,2020,1.0194938663101605,938.8400879,795.2052157219252,563.30405274,0.7083757017722849,14.241749250632084
837,Tanzania,TZA,2021,1.3359069169880933,971.6200562,1042.0073952507128,582.97203372,0.5594701499980561,11.246625991253657
841,Thailand,THA,2014,0.6926125,4414.577523,540.23775,2648.7465138,4.902927486648239,98.61200585864384
849,Timor Leste,TLS,2015,2.0372307692307694,1341.249874,1589.04,804.7499244,0.5064378016915875,10.179920163166106
850,Timor Leste,TLS,2016,1.9007936507936507,1217.249543,1482.6190476190475,730.3497257999999,0.49260781248755414,9.901740324681924
851,Timor Leste,TLS,2017,1.6740740740740743,1241.932604,1305.7777777777778,745.1595624,0.5706633816882233,11.471769434082855
852,Timor Leste,TLS,2018,1.9003705882352941,1022.910617,1482.2890588235296,613.7463702,0.4140530934547417,8.321671191558885
853,Timor Leste,TLS,2020,1.4363493723849374,1201.193465,1120.352510460251,720.716079,0.643294027791238,12.932680292642745
854,Timor Leste,TLS,2021,1.4506221045665122,417.8528746,1131.4852415618795,250.71172475999998,0.22157754741363003,4.450170243875145
858,Togo,TGO,2014,0.5617495192307692,508.4966097,438.164625,305.09796582,0.6963089861944013,13.999036335895225
859,Togo,TGO,2015,0.4575836909871245,476.9920408,356.91527896995706,286.19522448,0.8018575873410287,16.122067119652968
860,Togo,TGO,2016,0.5148555555555555,669.4150727,401.58733333333333,401.64904362,1.0001536659190777,20.11064370471645
861,Togo,TGO,2017,0.49099181818181814,693.1036587,382.97361818181815,415.86219522,1.08587687369778,21.834901601264246
862,Togo,TGO,2018,0.5006136150234742,774.1827004,390.4786197183099,464.50962024,1.1895904072163948,23.92102137888619
863,Togo,TGO,2019,0.4592821989528796,769.8722039,358.2401151832461,461.92332234,1.2894237768534609,25.929094576287632
864,Togo,TGO,2020,0.4956990099009901,786.0325298,386.64522772277223,471.61951788,1.2197732806834358,24.528127193806228
865,Togo,TGO,2021,0.6230393805309735,832.3096128,485.9707168141593,499.38576767999996,1.027604648596493,20.662799589639945
867,Turkiye,TUR,2014,4.49129222614841,10269.29341,3503.20793639576,6161.576046,1.7588382299508247,35.37101349743055
868,Turkiye,TUR,2015,4.0710444444444445,9294.272812,3175.4146666666666,5576.5636872,1.7561686496377795,35.31731689583907
869,Turkiye,TUR,2016,3.964362915601023,9193.574206,3092.203074168798,5516.144523599999,1.783888183049805,35.87487447695167
870,Turkiye,TUR,2017,3.925598114754098,8921.21122,3061.966529508197,5352.726731999999,1.7481336521531923,35.15569896038678
871,Turkiye,TUR,2018,3.4829997978436658,8063.601198,2716.7398423180593,4838.1607188,1.7808700867992708,35.81416773921549
872,Turkiye,TUR,2019,3.1155220394736842,7621.523127,2430.107190789474,4572.9138762,1.8817745544444022,37.84378526803242
873,Turkiye,TUR,2020,2.911022767552829,7197.801955,2270.5977586912063,4318.681173,1.9020018655745208,38.250642428955196
878,Uganda,UGA,2014,0.5344180138568129,668.0269268,416.84605080831403,400.81615608,0.9615448084557112,19.334055554518486
879,Uganda,UGA,2015,0.6121838268792711,657.8987849,477.50338496583146,394.73927094,0.8266732412132455,16.621215346322543
880,Uganda,UGA,2016,0.6560034229828852,568.8978143,511.6826699266505,341.33868858,0.6670905790671604,13.411330036525845
881,Uganda,UGA,2017,0.6711258620689655,589.1034517,523.4781724137931,353.46207102,0.6752183560780817,13.574814162419026
882,Uganda,UGA,2018,0.5886584245076587,612.6487904,459.1535711159738,367.58927424,0.8005802358164686,16.09637415376938
883,Uganda,UGA,2019,0.6460442645074224,624.8227978,503.91452631578943,374.89367868,0.7439628331830712,14.957557652353811
884,Uganda,UGA,2020,0.7183658142664873,636.5044462,560.3253351278601,381.90266771999995,0.6815730858088971,13.702634774861249
885,Uganda,UGA,2021,0.9160128278221209,654.1257564,714.4900057012543,392.47545384,0.5493085287523302,11.042232617175745
889,Ukraine,UKR,2014,1.5636669287109375,2608.805908,1219.6602043945313,1565.2835447999998,1.2833767463758845,25.807463103063444
890,Ukraine,UKR,2015,1.2087656071933723,1908.153442,942.8371736108305,1144.8920652,1.2143051814719499,24.418140487885804
891,Ukraine,UKR,2016,1.1543206431451611,1884.498535,900.3701016532257,1130.6991209999999,1.2558159349403681,25.253098095215936
892,Ukraine,UKR,2017,1.3457161727055762,2310.200928,1049.6586147103494,1386.1205568,1.3205441630015073,26.555057754169518
893,Ukraine,UKR,2018,1.5564739855072462,2690.029785,1214.049708695652,1614.017871,1.329449576437908,26.734183452304574
894,Ukraine,UKR,2019,1.7234873426573427,3197.591553,1344.3201272727274,1918.5549318,1.4271562947526824,28.699480656708506
895,Ukraine,UKR,2020,1.6521305246053855,3279.912598,1288.6618091922005,1967.9475587999998,1.5271249173075212,30.710274364897437
896,Ukraine,UKR,2021,1.8653826387402537,3918.818359,1454.998458217398,2351.2910153999997,1.6160092831168364,32.4981165793652
903,Vietnam,VNM,2014,0.36108333333333337,2051.713748,281.64500000000004,1231.0282488,4.370850712066608,87.90968143664533
911,Yemen,YEM,2014,1.127083033033033,1215.004171,879.1247657657659,729.0025026,0.8292366806035759,16.6727770030271
912,Yemen,YEM,2015,1.6169249056603774,1250.517222,1261.2014264150944,750.3103332,0.5949171301944383,11.959615356632613
913,Yemen,YEM,2016,10.382251953449709,927.1029832,8098.156523690774,556.26178992,0.06868992816978561,1.3749506901910278
914,Yemen,YEM,2017,12.09216701358774,770.6079053,9431.890270598436,462.36474317999995,0.04902142941816304,0.9793336202690193
915,Yemen,YEM,2018,12.993112334801761,601.5411983,10134.627621145373,360.92471898,0.03561302225125167,0.709633587608564
922,Zambia,ZMB,2014,1.0255491061813482,1361.683462,799.9283028214516,817.0100772,1.0213541317619326,20.537075141281477
923,Zambia,ZMB,2015,0.8735960915818687,1040.468773,681.4049514338576,624.2812638,0.9161677831755491,18.421330795510958
924,Zambia,ZMB,2016,0.9461151491365777,979.9608635,737.9698163265306,587.9765180999999,0.7967487356418342,16.01930640743874
925,Zambia,ZMB,2017,1.0540108669403525,1129.386356,822.128476213475,677.6318136,0.824240776479375,16.572288146394637
926,Zambia,ZMB,2018,0.9044779889343276,1134.046099,705.4928313687756,680.4276593999999,0.9644714009068739,19.3929217621028
927,Zambia,ZMB,2019,0.8004009765170891,1003.095119,624.3127616833294,601.8570714,0.9640313450861034,19.384070370005528
928,Zambia,ZMB,2020,0.7222529826958105,693.4253618,563.3573265027322,416.05521708,0.7385281019825028,14.84824211889424
929,Zambia,ZMB,2021,0.9132925845485572,610.5562004,712.3682159478747,366.33372024,0.5142477051036838,10.337010500526631
933,Zimbabwe,ZWE,2014,0.8211111111111111,1055.123316,640.4666666666667,633.0739895999999,0.9884573585926926,19.875381273566735
934,Zimbabwe,ZWE,2015,0.9591954022988506,1069.742692,748.1724137931034,641.8456152,0.8578846310918561,17.24900899584807
935,Zimbabwe,ZWE,2016,1.0385990338164253,1071.235676,810.1072463768118,642.7414056,0.7934028592814691,15.952006619146573
936,Zimbabwe,ZWE,2017,1.1771014492753624,903.8725748,918.1391304347827,542.32354488,0.5906768668308298,11.874325645974343
937,Zimbabwe,ZWE,2018,1.3923741258741258,1982.943538,1086.0518181818181,1189.7661228,1.0954966447105738,22.028396065150982
