Country Name,Country Code,Series Name,Series Code,2009 [YR2009],2010 [YR2010],2011 [YR2011],2012 [YR2012],2013 [YR2013],2014 [YR2014],2015 [YR2015],2016 [YR2016],2017 [YR2017],2018 [YR2018],2019 [YR2019],2020 [YR2020],2021 [YR2021],2022 [YR2022],2023 [YR2023]
Afghanistan,AFG,Adjusted net national income per capita (current US$),NY.ADJ.NNTY.PC.CD,403.4111835,505.2301926,566.6681005,605.7520037,597.356158,575.9168154,548.9684545,484.8905897,497.4060287,466.5706016,468.4035058,475.7180842,340.5232436,..,..
Albania,ALB,Adjusted net national income per capita (current US$),NY.ADJ.NNTY.PC.CD,3517.609153,3509.842739,3753.965485,3522.372857,3757.696946,3844.277141,3277.788243,3467.34757,3729.968219,4340.919854,4361.999293,4322.549675,5262.913596,..,..
Algeria,DZA,Adjusted net national income per capita (current US$),NY.ADJ.NNTY.PC.CD,2960.306317,3451.290356,4080.708483,4280.70873,4210.070061,4167.01901,3319.132168,3256.460325,3295.651168,3172.694403,3098.163841,2689.872526,2809.555594,..,..
American Samoa,ASM,Adjusted net national income per capita (current US$),NY.ADJ.NNTY.PC.CD,..,..,..,..,..,..,..,..,..,..,..,..,..,..,..
Andorra,AND,Adjusted net national income per capita (current US$),NY.ADJ.NNTY.PC.CD,..,..,..,..,..,..,..,..,..,..,..,..,..,..,..
Angola,AGO,Adjusted net national income per capita (current US$),NY.ADJ.NNTY.PC.CD,1870.287448,1874.74828,2463.654719,2865.333338,3185.33364,3486.7531,2371.995619,1206.043537,1500.335741,1506.725371,1327.803449,1100.217496,1231.925133,..,..
Antigua and Barbuda,ATG,Adjusted net national income per capita (current US$),NY.ADJ.NNTY.PC.CD,..,..,..,..,..,..,..,..,..,..,..,..,..,..,..
Argentina,ARG,Adjusted net national income per capita (current US$),NY.ADJ.NNTY.PC.CD,6808.995877,8565.366297,10604.58155,10774.09297,10811.86987,10181.06897,11668.43637,10789.07524,12508.82601,9844.101641,8237.698119,7241.030302,9092.085608,..,..
Armenia,ARM,Adjusted net national income per capita (current US$),NY.ADJ.NNTY.PC.CD,2583.616131,2758.458143,2999.033604,3172.034408,3409.886713,3524.890871,3150.669544,3108.22045,3475.204348,3687.291522,4019.858444,3617.03199,3790.564809,..,..
Aruba,ABW,Adjusted net national income per capita (current US$),NY.ADJ.NNTY.PC.CD,21733.07462,20212.24394,20565.93526,21395.33463,21530.67793,22415.99325,23278.82273,23167.71231,23716.23787,24187.06646,26027.01712,20584.79126,24724.86657,..,..
Australia,AUS,Adjusted net national income per capita (current US$),NY.ADJ.NNTY.PC.CD,33482.7319,40434.7357,48363.13547,53605.73872,53871.55493,48732.92493,44512.59603,39077.68932,42069.08515,44204.1255,42130.89464,40036.44582,45710.89045,..,..
Austria,AUT,Adjusted net national income per capita (current US$),NY.ADJ.NNTY.PC.CD,39649.39482,39022.25616,42625.23735,39980.63084,41694.07141,42465.76661,35811.68578,37196.16775,38441.73272,41651.80739,40712.57534,39515.55741,43281.73348,..,..
Azerbaijan,AZE,Adjusted net national income per capita (current US$),NY.ADJ.NNTY.PC.CD,3275.461603,4040.20531,4784.739454,5294.537688,5674.20814,6051.697062,4460.30161,3029.305999,3226.152448,3414.822967,3656.141682,3530.660537,3965.424396,..,..
"Bahamas, The",BHS,Adjusted net national income per capita (current US$),NY.ADJ.NNTY.PC.CD,25106.33959,24819.00283,24499.03321,25926.43053,25023.33028,25846.8021,26904.54876,26745.59558,28368.90613,28200.15491,29667.73595,21910.30132,24896.44161,..,..
Bahrain,BHR,Adjusted net national income per capita (current US$),NY.ADJ.NNTY.PC.CD,13040.12038,13750.01607,13337.42972,17582.54047,17578.94495,17356.5283,17082.53081,17718.31642,18086.80661,18232.26055,18906.70878,17252.75045,..,..,..
Bangladesh,BGD,Adjusted net national income per capita (current US$),NY.ADJ.NNTY.PC.CD,672.1106025,749.6170877,826.613898,853.6908001,949.5204786,1068.928497,1194.180107,1580.77342,1712.10431,1869.935743,2186.771894,2305.858345,2567.444321,..,..
Barbados,BRB,Adjusted net national income per capita (current US$),NY.ADJ.NNTY.PC.CD,13917.3744,14253.34072,13877.00418,14143.53995,14314.01514,14329.17093,14307.73421,14571.04953,15021.33355,15277.06165,15878.52517,14376.07645,14760.30253,..,..
Belarus,BLR,Adjusted net national income per capita (current US$),NY.ADJ.NNTY.PC.CD,4480.508001,5017.310263,5460.295895,5735.83109,6490.271127,6842.255225,4824.419478,4055.47952,4690.779612,5139.384723,5563.113009,5200.944075,5812.021741,..,..
Belgium,BEL,Adjusted net national income per capita (current US$),NY.ADJ.NNTY.PC.CD,36866.04911,36326.63933,38266.98374,36945.841,38766.03804,39529.63106,33799.73983,34528.49059,36341.19107,39046.70141,38340.122,36801.28174,41743.01428,..,..
Belize,BLZ,Adjusted net national income per capita (current US$),NY.ADJ.NNTY.PC.CD,4069.969924,3910.153095,4048.758406,4209.029233,4499.948912,4666.687565,4961.389643,4904.168825,4791.120508,4682.794601,4827.922323,4225.900436,4880.641882,..,..
Benin,BEN,Adjusted net national income per capita (current US$),NY.ADJ.NNTY.PC.CD,882.9768265,835.8037865,919.3505087,938.4780566,1038.962879,1075.709759,898.7970381,906.4334423,937.83574,1023.026103,1002.593298,1058.144905,1173.285653,..,..
Bermuda,BMU,Adjusted net national income per capita (current US$),NY.ADJ.NNTY.PC.CD,..,..,..,..,..,..,..,..,..,..,..,..,..,..,..
Bhutan,BTN,Adjusted net national income per capita (current US$),NY.ADJ.NNTY.PC.CD,1503.24734,1800.593586,2040.565998,2002.649333,1989.027209,2135.13951,2194.601147,2295.347808,2610.161909,2618.652833,2913.822943,2724.888887,2945.360817,..,..
Bolivia,BOL,Adjusted net national income per capita (current US$),NY.ADJ.NNTY.PC.CD,1453.72776,1582.732487,1845.87183,1972.184963,2202.047588,2386.034637,2532.414506,2618.281113,2764.057011,2907.081576,2940.944319,2652.860747,2656.573859,..,..
Bosnia and Herzegovina,BIH,Adjusted net national income per capita (current US$),NY.ADJ.NNTY.PC.CD,4156.505046,3979.791313,4300.627304,3976.011135,4294.747845,4374.136837,3879.896309,4098.323025,4436.294092,5018.399176,5104.820147,5099.284971,6019.153696,..,..
Botswana,BWA,Adjusted net national income per capita (current US$),NY.ADJ.NNTY.PC.CD,3900.709246,4662.32762,5818.838323,5391.613169,5307.631622,5578.067306,4758.559277,4762.375707,5052.441727,5140.361571,5277.733063,4911.421975,5455.567399,..,..
Brazil,BRA,Adjusted net national income per capita (current US$),NY.ADJ.NNTY.PC.CD,6936.075263,8878.024676,10260.08084,9351.31113,9456.544249,9242.577872,6666.747079,6565.206981,7642.228743,6984.288498,6818.492046,5367.949034,5775.839583,..,..
British Virgin Islands,VGB,Adjusted net national income per capita (current US$),NY.ADJ.NNTY.PC.CD,..,..,..,..,..,..,..,..,..,..,..,..,..,..,..
Brunei Darussalam,BRN,Adjusted net national income per capita (current US$),NY.ADJ.NNTY.PC.CD,21015.53441,24906.51152,31018.03037,33074.54307,33009.28335,31081.4866,25218.02373,23292.71976,23827.933,23571.7042,23965.6857,22157.41968,22736.00679,..,..
Bulgaria,BGR,Adjusted net national income per capita (current US$),NY.ADJ.NNTY.PC.CD,5759.802811,5620.271104,6408.16262,6243.723979,6422.010445,6643.095885,5819.877624,6238.054937,6970.955514,7752.822898,8165.632881,8311.253957,10114.52352,..,..
Burkina Faso,BFA,Adjusted net national income per capita (current US$),NY.ADJ.NNTY.PC.CD,536.8762988,536.4078866,600.7477058,629.0124765,656.5531648,653.9370902,543.1460657,574.4594987,613.2867856,677.4041963,652.8998364,683.9393089,670.0551391,..,..
Burundi,BDI,Adjusted net national income per capita (current US$),NY.ADJ.NNTY.PC.CD,108.8844104,134.13015,140.0494194,159.1551922,164.079509,175.8240158,202.0450777,160.4994974,160.7895958,163.0881199,152.5862591,150.0321826,150.9325674,..,..
Cabo Verde,CPV,Adjusted net national income per capita (current US$),NY.ADJ.NNTY.PC.CD,2876.711426,2717.136914,3062.316794,2874.02049,3083.465694,3055.011176,2650.499569,2765.951793,2939.133213,3306.369116,3334.092873,2840.364161,3210.02754,..,..
Cambodia,KHM,Adjusted net national income per capita (current US$),NY.ADJ.NNTY.PC.CD,643.0351782,687.8655757,768.8949336,823.9027455,872.2239417,933.4239152,993.6407446,1084.876158,1181.818127,1285.940819,1390.35959,1331.135318,1343.726676,..,..
Cameroon,CMR,Adjusted net national income per capita (current US$),NY.ADJ.NNTY.PC.CD,1190.313688,1109.361062,1182.039544,1122.02923,1239.555523,1324.675829,1147.733922,1175.441758,1213.088552,1309.376635,1268.70514,1285.527495,1377.092232,..,..
Canada,CAN,Adjusted net national income per capita (current US$),NY.ADJ.NNTY.PC.CD,32986.0481,38678.18059,42617.97406,43024.4508,43054.54265,41608.03615,35364.11911,34318.54492,36906.31172,37828.31686,37785.72761,34953.03636,41986.23286,..,..
Cayman Islands,CYM,Adjusted net national income per capita (current US$),NY.ADJ.NNTY.PC.CD,..,..,..,..,..,..,..,..,..,..,..,..,..,..,..
Central African Republic,CAF,Adjusted net national income per capita (current US$),NY.ADJ.NNTY.PC.CD,419.2832342,435.5575338,477.61026,485.4919537,305.9026408,337.77415,305.4455,324.0134356,376.674065,399.4516288,393.0234506,392.5273224,417.4338142,..,..
Chad,TCD,Adjusted net national income per capita (current US$),NY.ADJ.NNTY.PC.CD,578.5199197,635.7098841,673.451211,677.238274,687.6097952,747.2476475,577.5483944,503.8728638,456.3534877,509.7988771,496.0228846,440.5267782,468.6466316,..,..
Channel Islands,CHI,Adjusted net national income per capita (current US$),NY.ADJ.NNTY.PC.CD,..,..,..,..,..,..,..,..,..,..,..,..,..,..,..
Chile,CHL,Adjusted net national income per capita (current US$),NY.ADJ.NNTY.PC.CD,7591.880292,9447.952267,10496.04266,11767.17728,12389.67046,11572.41285,11170.85481,11021.32454,11698.30222,12043.82629,11461.20313,9720.749788,11116.89571,..,..
China,CHN,Adjusted net national income per capita (current US$),NY.ADJ.NNTY.PC.CD,3041.782139,3487.258993,4132.672201,4770.263182,5239.785134,5753.408668,6012.718649,6078.485222,6658.943735,7331.859806,7470.113815,7510.442656,9015.348004,..,..
Colombia,COL,Adjusted net national income per capita (current US$),NY.ADJ.NNTY.PC.CD,4280.981467,5121.888449,5701.3386,6333.716591,6548.41345,6588.061797,5260.868776,5070.85301,5446.607779,5630.586587,5391.534175,4605.788773,5127.309256,..,..
Comoros,COM,Adjusted net national income per capita (current US$),NY.ADJ.NNTY.PC.CD,1300.22322,1271.99789,1399.465636,1354.676173,1458.950417,1472.793388,1206.76011,1241.49323,1298.833296,1420.75982,1403.4939,1399.473105,1452.961979,..,..
"Congo, Dem. Rep.",COD,Adjusted net national income per capita (current US$),NY.ADJ.NNTY.PC.CD,176.9281302,212.8009824,238.5158355,262.8283924,287.5938605,292.446628,314.5802622,320.3196093,314.2501527,398.4549715,445.4385346,397.0828078,327.8098533,..,..
"Congo, Rep.",COG,Adjusted net national income per capita (current US$),NY.ADJ.NNTY.PC.CD,933.9085135,1046.879948,935.7287468,1507.981464,1926.896187,2126.773459,1463.932608,1161.754419,859.931916,1036.392719,869.8960694,764.0292039,1069.208061,..,..
Costa Rica,CRI,Adjusted net national income per capita (current US$),NY.ADJ.NNTY.PC.CD,6205.200799,7525.70741,8427.831673,9250.980911,9833.060348,9894.223728,10614.15739,10960.22077,11011.31106,11226.58729,11493.0208,10980.84397,11172.4316,..,..
Cote d'Ivoire,CIV,Adjusted net national income per capita (current US$),NY.ADJ.NNTY.PC.CD,996.0788264,1005.800805,982.6118286,1040.716009,1183.405123,1894.472682,1715.603416,1720.588157,1783.15387,1947.71214,1929.045074,1972.115482,2164.043178,..,..
Croatia,HRV,Adjusted net national income per capita (current US$),NY.ADJ.NNTY.PC.CD,11560.02743,11109.97575,11677.72547,10625.5449,11265.00965,11306.57767,10121.64965,10404.45543,11582.54042,12984.30368,13113.7613,12231.38931,14553.48421,..,..
Cuba,CUB,Adjusted net national income per capita (current US$),NY.ADJ.NNTY.PC.CD,4318.125162,4438.656214,5164.666882,5495.469329,5830.573378,6107.338454,6645.266827,6957.900384,7366.416254,7586.049674,7891.258815,..,..,..,..
Curacao,CUW,Adjusted net national income per capita (current US$),NY.ADJ.NNTY.PC.CD,..,..,..,..,..,..,..,..,..,..,..,..,..,..,..
Cyprus,CYP,Adjusted net national income per capita (current US$),NY.ADJ.NNTY.PC.CD,28200.11719,26890.35352,29378.47852,25145.88867,23695.25586,22731.18359,20165.85156,20629.85742,22676.03906,24887.57031,24414.5918,22488.41602,24687.48242,..,..
Czechia,CZE,Adjusted net national income per capita (current US$),NY.ADJ.NNTY.PC.CD,14319.40418,14232.53146,15447.39968,14334.3443,14511.85955,14284.85669,12903.36809,13479.63918,15315.25211,17451.20067,17471.65529,16844.23511,19843.78291,..,..
Denmark,DNK,Adjusted net national income per capita (current US$),NY.ADJ.NNTY.PC.CD,47573.96705,48113.33602,51361.50182,48806.80302,51939.82636,53755.90909,45798.0298,46794.91137,49220.80391,52836.99612,50967.6115,52242.03137,58796.35993,..,..
Djibouti,DJI,Adjusted net national income per capita (current US$),NY.ADJ.NNTY.PC.CD,993.5814728,973.70773,1070.893547,1155.788418,1611.218613,1861.616007,2043.606977,2078.635435,2103.255646,2287.402078,2423.395567,2481.423541,2747.300462,..,..
Dominica,DMA,Adjusted net national income per capita (current US$),NY.ADJ.NNTY.PC.CD,6000.036541,6038.564705,5887.154928,5737.61181,5733.917611,6095.654798,6321.031522,6902.890624,6608.946449,7001.511604,7587.308523,6467.869116,7024.401891,..,..
Dominican Republic,DOM,Adjusted net national income per capita (current US$),NY.ADJ.NNTY.PC.CD,4595.065677,5047.560735,5351.055897,5518.653857,5537.428277,5851.79887,6214.21529,6501.207713,6727.578894,7113.34938,7270.192051,6313.756343,7364.098945,..,..
Ecuador,ECU,Adjusted net national income per capita (current US$),NY.ADJ.NNTY.PC.CD,3303.942696,3484.174108,3771.616968,4196.201362,4567.574489,4809.210381,4854.429311,4784.817801,4822.279331,4668.739001,4622.757334,4317.410628,4420.825286,..,..
"Egypt, Arab Rep.",EGY,Adjusted net national income per capita (current US$),NY.ADJ.NNTY.PC.CD,1883.717039,2089.409049,2148.266194,2551.208276,2583.679047,2704.037645,2983.278506,2957.127231,1999.859373,2043.811503,2431.968009,2964.90284,3184.810353,..,..
El Salvador,SLV,Adjusted net national income per capita (current US$),NY.ADJ.NNTY.PC.CD,2540.333614,2666.647034,2954.688644,3033.327819,3051.757099,3111.704498,3205.960987,3266.583474,3329.518054,3426.776045,3567.957559,3208.337881,3710.660817,..,..
Equatorial Guinea,GNQ,Adjusted net national income per capita (current US$),NY.ADJ.NNTY.PC.CD,4204.314987,2100.041406,3893.130114,3902.706573,4764.483586,4872.220079,3844.051525,3210.780176,2864.504614,3012.706494,2356.554286,2243.607987,2709.305292,..,..
Eritrea,ERI,Adjusted net national income per capita (current US$),NY.ADJ.NNTY.PC.CD,579.0391239,482.188957,485.382935,..,..,..,..,..,..,..,..,..,..,..,..
Estonia,EST,Adjusted net national income per capita (current US$),NY.ADJ.NNTY.PC.CD,11532.87994,11282.42234,13704.93151,13778.33723,15315.38844,16276.91133,14040.88602,14872.60242,16600.90075,18854.37331,19062.76949,19133.10065,22462.36475,..,..
Eswatini,SWZ,Adjusted net national income per capita (current US$),NY.ADJ.NNTY.PC.CD,2623.202041,3012.036659,3025.843246,2936.681655,2896.015887,2794.782951,2581.366071,2391.256758,2764.211007,3002.285678,2664.962165,2361.575698,2886.409976,..,..
Ethiopia,ETH,Adjusted net national income per capita (current US$),NY.ADJ.NNTY.PC.CD,272.4682465,246.2436034,249.6915521,334.0210722,360.1079645,421.3570554,478.1032535,547.1037514,595.983941,627.812547,708.7418191,779.4577006,786.5847648,..,..
Faroe Islands,FRO,Adjusted net national income per capita (current US$),NY.ADJ.NNTY.PC.CD,..,..,..,..,..,..,..,..,..,..,..,..,..,..,..
Fiji,FJI,Adjusted net national income per capita (current US$),NY.ADJ.NNTY.PC.CD,2886.038578,3026.675967,3492.570279,3645.179811,3969.220986,4374.066692,4142.135905,4408.054247,4635.249114,4918.535725,4730.101074,3953.150164,3782.211976,..,..
Finland,FIN,Adjusted net national income per capita (current US$),NY.ADJ.NNTY.PC.CD,38788.56063,38296.2127,41789.95588,38711.30979,40439.56725,41149.74788,35093.91464,35796.98258,37839.34244,40864.14837,39659.40524,40405.34387,44416.2002,..,..
France,FRA,Adjusted net national income per capita (current US$),NY.ADJ.NNTY.PC.CD,35241.31511,34397.40755,37189.4419,34394.69344,35878.04225,36234.5312,30908.68633,31203.69485,32666.61256,34960.74076,33898.5168,31908.09822,36447.57846,..,..
French Polynesia,PYF,Adjusted net national income per capita (current US$),NY.ADJ.NNTY.PC.CD,..,..,..,..,..,..,..,..,..,..,..,..,..,..,..
Gabon,GAB,Adjusted net national income per capita (current US$),NY.ADJ.NNTY.PC.CD,3818.251409,3721.19122,4297.654089,4124.603741,4652.250021,5576.50316,4577.103937,4390.447171,4354.487549,4645.654763,4477.602653,4266.703011,4438.451929,..,..
"Gambia, The",GMB,Adjusted net national income per capita (current US$),NY.ADJ.NNTY.PC.CD,613.2335597,631.270697,532.0983092,507.7779125,480.8130105,422.2987192,457.7628005,474.2226,473.3298674,549.8980881,580.4247725,570.1252899,624.0718265,..,..
Georgia,GEO,Adjusted net national income per capita (current US$),NY.ADJ.NNTY.PC.CD,2433.037238,2713.940099,3350.545343,3765.070675,3904.295302,4038.986662,3333.061251,3259.603283,3507.479077,3863.888408,3802.126605,3499.623053,4084.970574,..,..
Germany,DEU,Adjusted net national income per capita (current US$),NY.ADJ.NNTY.PC.CD,34858.12486,34884.03479,39563.81733,36959.96893,38946.31307,40356.48312,34656.44191,35663.67889,37760.33968,40854.55597,39718.00233,39043.09715,42982.48189,..,..
Ghana,GHA,Adjusted net national income per capita (current US$),NY.ADJ.NNTY.PC.CD,858.45567,1027.869243,1148.735934,1156.647092,1849.154039,1497.362712,1358.926296,1527.722385,1567.246586,1741.311836,1742.953253,1852.244496,1841.535044,..,..
Gibraltar,GIB,Adjusted net national income per capita (current US$),NY.ADJ.NNTY.PC.CD,..,..,..,..,..,..,..,..,..,..,..,..,..,..,..
Greece,GRC,Adjusted net national income per capita (current US$),NY.ADJ.NNTY.PC.CD,24419.48974,21641.90036,20268.83991,18108.18941,17844.24842,17998.02352,15044.37444,14903.30493,15546.666,16496.93584,16155.11367,14754.74349,17262.58654,..,..
Greenland,GRL,Adjusted net national income per capita (current US$),NY.ADJ.NNTY.PC.CD,..,..,..,..,..,..,..,..,..,..,..,..,..,..,..
Grenada,GRD,Adjusted net national income per capita (current US$),NY.ADJ.NNTY.PC.CD,..,..,..,..,..,..,..,..,..,..,..,..,..,..,..
Guam,GUM,Adjusted net national income per capita (current US$),NY.ADJ.NNTY.PC.CD,..,..,..,..,..,..,..,..,..,..,..,..,..,..,..
Guatemala,GTM,Adjusted net national income per capita (current US$),NY.ADJ.NNTY.PC.CD,2234.014571,2377.854618,2672.853956,2813.174483,2937.206549,3135.789368,3352.767535,3464.362548,3681.763051,3731.454921,3889.824374,3863.165908,4189.208188,..,..
Guinea,GIN,Adjusted net national income per capita (current US$),NY.ADJ.NNTY.PC.CD,539.8314942,541.9428302,517.1104787,565.4533114,583.2718259,600.0950989,601.5361595,558.6718713,667.4980621,740.7556651,834.390333,801.1042446,854.6192496,..,..
Guinea-Bissau,GNB,Adjusted net national income per capita (current US$),NY.ADJ.NNTY.PC.CD,409.2295022,426.0884983,557.9370133,463.1632603,462.8378683,478.5576602,454.6448103,509.1500624,574.3439555,642.7315568,640.6889279,611.637566,678.0369901,..,..
Guyana,GUY,Adjusted net national income per capita (current US$),NY.ADJ.NNTY.PC.CD,3740.724566,3913.488955,4143.230371,4619.240455,4796.141296,4851.67794,5104.300549,4940.476515,5339.465992,5476.090507,5832.310516,5640.664718,6274.057438,..,..
Haiti,HTI,Adjusted net national income per capita (current US$),NY.ADJ.NNTY.PC.CD,1149.862037,1153.481633,1253.135582,1298.950445,1388.446013,1395.40905,1355.407267,1241.119857,1311.653793,1424.929171,1260.142651,1216.061288,1736.015025,..,..
Honduras,HND,Adjusted net national income per capita (current US$),NY.ADJ.NNTY.PC.CD,1622.306709,1653.162219,1845.241303,1860.106701,1819.618746,1883.329154,1996.390785,2012.1947,2135.679642,2141.664763,2202.270857,2096.974032,2404.352994,..,..
"Hong Kong SAR, China",HKG,Adjusted net national income per capita (current US$),NY.ADJ.NNTY.PC.CD,..,..,..,..,..,..,..,..,..,..,..,..,..,..,..
Hungary,HUN,Adjusted net national income per capita (current US$),NY.ADJ.NNTY.PC.CD,10131.48046,10184.54124,10941.72004,10013.3594,10828.65172,11185.67109,9983.018368,10567.30964,11639.40617,13155.8338,13651.96048,12911.78903,14799.3838,..,..
Iceland,ISL,Adjusted net national income per capita (current US$),NY.ADJ.NNTY.PC.CD,..,..,32094.72022,32294.15318,39104.09809,43168.21411,42267.31247,49914.17937,58236.91205,58426.79915,57484.49609,48009.3862,54204.42435,..,..
India,IND,Adjusted net national income per capita (current US$),NY.ADJ.NNTY.PC.CD,956.1860045,1165.598529,1244.433726,1232.599484,1236.809406,1346.591587,1384.912625,1481.890055,1710.893171,1719.181867,1784.948743,1637.822519,1907.12904,..,..
Indonesia,IDN,Adjusted net national income per capita (current US$),NY.ADJ.NNTY.PC.CD,1652.477098,2298.912531,2645.079286,2728.134588,2691.456374,2593.311645,2534.722947,2782.524671,2937.317589,2925.859693,3080.807225,2933.533509,3189.243047,..,..
"Iran, Islamic Rep.",IRN,Adjusted net national income per capita (current US$),NY.ADJ.NNTY.PC.CD,4484.781591,5251.437599,6665.121008,6645.308864,4917.127299,4502.348984,3932.223409,4427.617504,4532.120293,2766.463486,2449.494857,2072.101242,2981.34829,..,..
Iraq,IRQ,Adjusted net national income per capita (current US$),NY.ADJ.NNTY.PC.CD,3071.185475,3551.327584,4354.179584,5002.74057,5163.906663,4773.250075,3504.846622,3430.956759,3665.420114,4178.25946,4315.563922,3540.936976,3731.836939,..,..
Ireland,IRL,Adjusted net national income per capita (current US$),NY.ADJ.NNTY.PC.CD,36126.13941,33922.99808,35191.62313,32552.74014,35850.35705,38740.0917,34222.82992,35982.57777,38093.97482,41648.30045,42297.14792,39973.74021,49607.17542,..,..
Isle of Man,IMN,Adjusted net national income per capita (current US$),NY.ADJ.NNTY.PC.CD,..,..,..,..,..,..,..,..,..,..,..,..,..,..,..
Israel,ISR,Adjusted net national income per capita (current US$),NY.ADJ.NNTY.PC.CD,23010.01518,25869.42068,28664.63859,27194.70345,30702.81245,32314.1591,30461.96241,31762.58225,34950.81495,36072.4844,37723.84945,37501.009,43494.502,..,..
Italy,ITA,Adjusted net national income per capita (current US$),NY.ADJ.NNTY.PC.CD,30714.24266,29613.37777,31676.03177,28562.81918,28943.54461,29060.83099,24535.58458,25551.4404,26867.81192,28897.69628,28011.16548,26185.78259,29681.55713,..,..
Jamaica,JAM,Adjusted net national income per capita (current US$),NY.ADJ.NNTY.PC.CD,3799.649287,4226.144704,4598.82761,4821.199346,4572.784749,4450.639348,4502.114575,4400.845686,4702.4459,4932.905199,5023.714032,4381.267675,4687.727674,..,..
Japan,JPN,Adjusted net national income per capita (current US$),NY.ADJ.NNTY.PC.CD,31604.27662,34955.3162,38054.3422,38500.58419,32389.62683,30542.97769,28006.30687,31470.25292,31134.54194,31788.51609,32283.77072,31293.416,30520.07048,..,..
Jordan,JOR,Adjusted net national income per capita (current US$),NY.ADJ.NNTY.PC.CD,3209.301091,3408.739662,3603.896273,3812.818734,3974.533744,3857.533834,3716.739557,3652.760407,3803.780529,3892.45546,3983.968326,3856.016455,3934.821392,..,..
Kazakhstan,KAZ,Adjusted net national income per capita (current US$),NY.ADJ.NNTY.PC.CD,4635.118106,5653.05788,7013.225681,7790.551708,9303.201634,8650.950665,7837.748709,5573.041793,6430.94922,6378.173082,6467.85264,6516.654531,6362.631782,..,..
Kenya,KEN,Adjusted net national income per capita (current US$),NY.ADJ.NNTY.PC.CD,765.5375966,807.776574,828.0261163,967.0919903,1019.04219,1096.778548,1120.341727,1304.88953,1389.231962,1547.851256,1676.295792,1643.944914,1789.596665,..,..
Kiribati,KIR,Adjusted net national income per capita (current US$),NY.ADJ.NNTY.PC.CD,1626.980408,1979.378917,2146.019113,2423.712621,2534.259331,2789.216187,2892.307402,2569.436552,2872.653028,2883.040182,2900.962639,2559.717149,2801.822185,..,..
"Korea, Dem. People's Rep.",PRK,Adjusted net national income per capita (current US$),NY.ADJ.NNTY.PC.CD,..,..,..,..,..,..,..,..,..,..,..,..,..,..,..
"Korea, Rep.",KOR,Adjusted net national income per capita (current US$),NY.ADJ.NNTY.PC.CD,15514.21152,18937.43167,20578.17296,20885.06346,22213.54108,23855.82352,23450.9899,23960.52912,25890.44632,27237.40308,25831.45515,25451.51717,28058.83017,..,..
Kosovo,XKX,Adjusted net national income per capita (current US$),NY.ADJ.NNTY.PC.CD,..,..,..,..,..,..,..,..,..,..,..,..,..,..,..
Kuwait,KWT,Adjusted net national income per capita (current US$),NY.ADJ.NNTY.PC.CD,34019.63146,35309.5631,42038.77502,43810.64221,42999.99436,39694.15735,27811.71291,25708.13215,28379.07665,30000.68158,29080.10622,..,..,..,..
Kyrgyz Republic,KGZ,Adjusted net national income per capita (current US$),NY.ADJ.NNTY.PC.CD,724.2477262,671.8804326,818.8761114,982.5793942,969.0313617,968.7440066,837.5652994,872.4421614,942.9032743,1050.331629,974.7624073,910.1555136,870.465986,..,..
Lao PDR,LAO,Adjusted net national income per capita (current US$),NY.ADJ.NNTY.PC.CD,704.1612012,778.2121953,941.3545679,1153.610692,1362.190169,1523.374688,1643.221809,1787.305019,1846.315217,1953.824152,1950.776395,1928.626685,1837.87641,..,..
Latvia,LVA,Adjusted net national income per capita (current US$),NY.ADJ.NNTY.PC.CD,10284.5689,8646.377108,9962.779893,10297.66603,11293.1521,11936.75886,10454.85166,11023.21906,12167.36613,13751.56919,13837.83174,14147.46127,16238.88976,..,..
Lebanon,LBN,Adjusted net national income per capita (current US$),NY.ADJ.NNTY.PC.CD,6000.49736,6308.873567,6367.03042,6810.347737,6626.868547,6113.99873,6260.06247,6589.188471,7103.130478,7334.310867,6971.830179,4242.29949,3026.708667,..,..
Lesotho,LSO,Adjusted net national income per capita (current US$),NY.ADJ.NNTY.PC.CD,1017.319675,1229.364001,1266.363958,1164.685069,1091.082756,1092.374061,1055.642923,929.0569852,1004.31863,1105.384802,1054.949247,927.4727011,1037.386126,..,..
Liberia,LBR,Adjusted net national income per capita (current US$),NY.ADJ.NNTY.PC.CD,238.9018936,271.1371791,330.7916764,329.1003687,373.6870318,347.8005957,379.1231926,372.0135046,354.6131263,386.918153,352.7417526,328.0628,339.1209191,..,..
Libya,LBY,Adjusted net national income per capita (current US$),NY.ADJ.NNTY.PC.CD,7193.868261,8540.677591,6565.745074,10586.59523,9167.466394,7679.63077,6649.338529,6705.134917,8732.533204,9433.624865,8419.926615,6394.742868,4638.500824,..,..
Liechtenstein,LIE,Adjusted net national income per capita (current US$),NY.ADJ.NNTY.PC.CD,..,..,..,..,..,..,..,..,..,..,..,..,..,..,..
Lithuania,LTU,Adjusted net national income per capita (current US$),NY.ADJ.NNTY.PC.CD,10330.11909,10178.36492,12036.58042,12013.39537,13291.95225,14168.39787,11842.93274,12474.14543,14132.88299,16199.39514,16457.09573,17108.31066,19957.14793,..,..
Luxembourg,LUX,Adjusted net national income per capita (current US$),NY.ADJ.NNTY.PC.CD,57334.18413,63207.69458,68844.40165,73525.2286,72403.40851,75837.97848,55729.10416,58461.79989,66052.63805,69498.27376,62146.07705,66535.38955,77781.1757,..,..
"Macao SAR, China",MAC,Adjusted net national income per capita (current US$),NY.ADJ.NNTY.PC.CD,..,..,..,..,..,..,..,..,..,..,..,..,..,..,..
Madagascar,MDG,Adjusted net national income per capita (current US$),NY.ADJ.NNTY.PC.CD,360.0238898,364.2800487,411.3475185,389.3929685,412.8211378,410.5563549,355.0491725,362.3558659,406.0441195,425.9028726,425.9078066,383.4859234,421.0132893,..,..
Malawi,MWI,Adjusted net national income per capita (current US$),NY.ADJ.NNTY.PC.CD,337.4051554,370.3329092,420.5362652,291.4940012,263.6613481,281.1542056,295.5953716,251.6751374,421.4651141,465.7924706,512.398439,556.8341617,563.0449238,..,..
Malaysia,MYS,Adjusted net national income per capita (current US$),NY.ADJ.NNTY.PC.CD,5252.04384,6407.026736,7517.54403,7701.612734,7818.131487,7891.907067,7018.848649,6925.197735,7086.4651,7668.782461,7839.045747,7321.928684,7704.953612,..,..
Maldives,MDV,Adjusted net national income per capita (current US$),NY.ADJ.NNTY.PC.CD,5318.067258,5524.191005,5837.322004,5954.07596,6464.80045,7146.713866,7752.077686,7962.514569,8391.029448,8898.262245,9068.848878,6001.337505,8388.423326,..,..
Mali,MLI,Adjusted net national income per capita (current US$),NY.ADJ.NNTY.PC.CD,550.1273822,563.3145027,655.4440508,585.013878,624.9848844,681.4756523,603.9903654,624.8371077,667.4863348,717.5328318,694.9824882,671.7258539,647.8364018,..,..
Malta,MLT,Adjusted net national income per capita (current US$),NY.ADJ.NNTY.PC.CD,..,..,..,..,..,..,..,..,..,..,..,..,..,..,..
Marshall Islands,MHL,Adjusted net national income per capita (current US$),NY.ADJ.NNTY.PC.CD,..,..,..,..,..,..,..,..,..,..,..,..,..,..,..
Mauritania,MRT,Adjusted net national income per capita (current US$),NY.ADJ.NNTY.PC.CD,1269.534434,1365.886184,1589.177566,1519.231237,1624.956063,1434.137813,1352.093741,1373.25681,1416.737619,1567.198087,1633.702468,1647.919902,1772.217274,..,..
Mauritius,MUS,Adjusted net national income per capita (current US$),NY.ADJ.NNTY.PC.CD,6321.887413,6872.94022,7760.726582,7767.903493,8304.54483,8839.161578,8194.757439,8599.241964,9572.136458,10358.52683,10263.5381,8094.482298,8167.696743,..,..
Mexico,MEX,Adjusted net national income per capita (current US$),NY.ADJ.NNTY.PC.CD,6300.814398,7366.453512,7895.612046,7902.193002,8273.186292,8590.456196,7687.132148,6958.927363,7373.224546,7618.078754,7866.614442,6535.727186,7443.533518,..,..
"Micronesia, Fed. Sts.",FSM,Adjusted net national income per capita (current US$),NY.ADJ.NNTY.PC.CD,2594.638836,2680.194989,2788.613885,2977.244075,2979.580006,3001.99225,3274.929302,3352.833579,3593.732277,3526.513715,3919.334528,3843.479245,3740.857969,..,..
Moldova,MDA,Adjusted net national income per capita (current US$),NY.ADJ.NNTY.PC.CD,1737.653859,2325.872441,2846.273753,3043.246558,3304.059408,3280.621009,2491.675136,2721.029302,3335.536837,3942.506135,4190.865221,4098.907695,4753.255244,..,..
Monaco,MCO,Adjusted net national income per capita (current US$),NY.ADJ.NNTY.PC.CD,..,..,..,..,..,..,..,..,..,..,..,..,..,..,..
Mongolia,MNG,Adjusted net national income per capita (current US$),NY.ADJ.NNTY.PC.CD,1309.193519,1848.616455,2568.185493,3304.778023,3466.557572,3154.45141,2831.94092,2648.594218,2393.355715,2878.387181,3115.040737,2939.559917,2762.494618,..,..
Montenegro,MNE,Adjusted net national income per capita (current US$),NY.ADJ.NNTY.PC.CD,5857.527189,5836.808691,6553.322168,5887.144304,6424.363178,6523.4129,5880.513496,6166.840414,7028.304223,7834.487269,7878.679567,6828.855865,8483.015981,..,..
Morocco,MAR,Adjusted net national income per capita (current US$),NY.ADJ.NNTY.PC.CD,2563.620605,2500.973633,2673.567871,2577.334717,2790.133301,3042.846191,2796.48999,2795.940918,2933.342285,3118.458008,3125.278076,2909.069092,3372.842773,..,..
Mozambique,MOZ,Adjusted net national income per capita (current US$),NY.ADJ.NNTY.PC.CD,455.5717094,403.3782276,506.1332528,560.4255706,558.3723899,558.5935243,478.9661239,346.1664631,361.5122781,401.4417349,395.08235,345.2501603,370.5211127,..,..
Myanmar,MMR,Adjusted net national income per capita (current US$),NY.ADJ.NNTY.PC.CD,513.1779165,669.9999956,967.2015768,1039.885989,1068.561927,1073.675814,1071.210598,1017.942327,1028.969312,1131.094909,1149.997001,1313.231506,1049.622085,..,..
Namibia,NAM,Adjusted net national income per capita (current US$),NY.ADJ.NNTY.PC.CD,3619.70832,4451.082302,4832.393,4985.797817,4688.968006,4683.994376,4166.630808,3727.418851,4383.343448,4496.628371,4030.654589,3334.701483,3617.974066,..,..
Nauru,NRU,Adjusted net national income per capita (current US$),NY.ADJ.NNTY.PC.CD,..,..,..,..,..,..,..,..,..,..,..,..,..,..,..
Nepal,NPL,Adjusted net national income per capita (current US$),NY.ADJ.NNTY.PC.CD,457.4054298,561.0510623,748.4314544,754.3354193,768.4497385,793.3018089,832.0276961,824.8121836,980.2782562,1110.544103,1131.126305,1084.742579,1148.158612,..,..
Netherlands,NLD,Adjusted net national income per capita (current US$),NY.ADJ.NNTY.PC.CD,41457.63138,41485.07269,44453.57419,40527.21508,42399.31395,43058.08046,36999.53244,37170.14376,40003.30182,43940.0424,42706.65913,41293.75737,46419.70712,..,..
New Caledonia,NCL,Adjusted net national income per capita (current US$),NY.ADJ.NNTY.PC.CD,..,..,..,..,..,..,..,..,..,..,..,..,..,..,..
New Zealand,NZL,Adjusted net national income per capita (current US$),NY.ADJ.NNTY.PC.CD,22466.35647,26700.63662,30794.53089,32281.40969,35087.22424,36328.59763,31702.73037,33030.98368,35289.26094,35119.88386,35420.77533,34536.81716,40518.24554,..,..
Nicaragua,NIC,Adjusted net national income per capita (current US$),NY.ADJ.NNTY.PC.CD,1310.420268,1347.172943,1469.186779,1543.787777,1574.879611,1715.007071,1817.117026,1845.904938,1886.71927,1763.488722,1713.324155,1628.193706,1747.483296,..,..
Niger,NER,Adjusted net national income per capita (current US$),NY.ADJ.NNTY.PC.CD,479.9101834,495.3123615,533.8820569,533.9604203,551.5624925,565.3995971,494.5363719,501.8618198,519.5663171,587.8010375,565.8013076,532.6170935,592.226305,..,..
Nigeria,NGA,Adjusted net national income per capita (current US$),NY.ADJ.NNTY.PC.CD,1526.75238,1760.840703,1887.547971,2108.570019,2340.356553,2601.389273,2241.012089,1812.315359,1605.39994,1700.061823,1790.763503,1697.976912,1662.532378,..,..
North Macedonia,MKD,Adjusted net national income per capita (current US$),NY.ADJ.NNTY.PC.CD,3773.976278,3749.382743,4253.98686,3928.313134,4434.571995,4702.597295,4157.525334,4408.877699,4764.058601,5322.638594,5290.938433,5325.979386,5996.110952,..,..
Northern Mariana Islands,MNP,Adjusted net national income per capita (current US$),NY.ADJ.NNTY.PC.CD,..,..,..,..,..,..,..,..,..,..,..,..,..,..,..
Norway,NOR,Adjusted net national income per capita (current US$),NY.ADJ.NNTY.PC.CD,62013.78765,69298.7699,77792.24629,79207.1417,81275.5747,78188.04894,61241.28733,58475.32388,61772.57771,66488.26338,60649.02313,53949.8025,69953.01923,..,..
Oman,OMN,Adjusted net national income per capita (current US$),NY.ADJ.NNTY.PC.CD,9891.056403,12938.59903,12427.46111,12817.49839,12560.68782,12625.21354,12261.01659,11543.13252,11694.26305,13312.864,12866.7517,12038.70864,12557.81319,..,..
Pakistan,PAK,Adjusted net national income per capita (current US$),NY.ADJ.NNTY.PC.CD,778.5000356,808.5300527,963.1957962,992.5963166,1009.863248,1055.618424,1159.446046,1328.741548,1417.920421,1461.09408,1293.158444,1189.742041,1363.232952,..,..
Palau,PLW,Adjusted net national income per capita (current US$),NY.ADJ.NNTY.PC.CD,..,..,..,..,..,..,..,..,..,..,..,..,..,..,..
Panama,PAN,Adjusted net national income per capita (current US$),NY.ADJ.NNTY.PC.CD,6786.056397,7005.916712,8341.95848,9459.134188,10512.58218,11008.51087,11973.15565,12431.77811,13233.75063,13209.44868,13335.63789,10890.46942,11846.94732,..,..
Papua New Guinea,PNG,Adjusted net national income per capita (current US$),NY.ADJ.NNTY.PC.CD,1125.833578,1256.625205,1541.199467,2078.233343,2015.540048,2240.069333,2006.075634,1896.059932,1985.829179,2049.694429,2009.500934,1990.525663,1831.827625,..,..
Paraguay,PRY,Adjusted net national income per capita (current US$),NY.ADJ.NNTY.PC.CD,3312.790099,3993.942268,4950.512719,4767.95116,5541.789317,5817.495633,5169.88319,5108.910344,5494.819962,5583.799914,5194.127248,4747.872284,5263.788268,..,..
Peru,PER,Adjusted net national income per capita (current US$),NY.ADJ.NNTY.PC.CD,3487.55411,4166.571933,4760.848084,5409.398819,5710.545549,5707.094674,5394.27959,5262.984077,5605.941852,5758.865069,6033.402536,5281.024845,5142.144386,..,..
Philippines,PHL,Adjusted net national income per capita (current US$),NY.ADJ.NNTY.PC.CD,1864.367935,2139.735068,2348.505245,2621.081667,2814.873198,2886.666823,2957.761199,3034.559766,3086.413894,3200.757588,3391.151239,3130.213044,3196.290905,..,..
Poland,POL,Adjusted net national income per capita (current US$),NY.ADJ.NNTY.PC.CD,9791.852122,10519.15177,11566.23716,11004.72519,11445.9394,11957.20904,10613.08062,10405.66126,11609.61813,13050.24223,13241.2566,13333.54328,15410.7923,..,..
Portugal,PRT,Adjusted net national income per capita (current US$),NY.ADJ.NNTY.PC.CD,18430.25803,17942.0894,18736.50805,16374.40144,17588.49093,17781.06752,15410.87801,16058.31957,17263.45703,18831.44531,18587.77708,17471.06556,19318.46756,..,..
Puerto Rico,PRI,Adjusted net national income per capita (current US$),NY.ADJ.NNTY.PC.CD,..,..,..,..,..,..,..,..,..,..,..,..,..,..,..
Qatar,QAT,Adjusted net national income per capita (current US$),NY.ADJ.NNTY.PC.CD,39662.06965,47493.89194,63532.87407,69033.67674,68766.72291,66216.93412,51242.55884,46708.39938,48124.73677,51683.18094,48711.31999,38207.17645,51676.65701,..,..
Romania,ROU,Adjusted net national income per capita (current US$),NY.ADJ.NNTY.PC.CD,6961.115023,6749.996829,7534.116193,7016.996323,7498.974513,8035.845581,7210.654432,7538.865946,8658.807084,10026.95213,10527.76751,10801.98354,12194.36363,..,..
Russian Federation,RUS,Adjusted net national income per capita (current US$),NY.ADJ.NNTY.PC.CD,6691.590332,8539.917969,11354.21191,12219.17285,12561.48047,11003.34375,7375.267578,6884.127441,8400.762695,8667.761719,8831.005859,8080.555664,8992.818359,..,..
Rwanda,RWA,Adjusted net national income per capita (current US$),NY.ADJ.NNTY.PC.CD,461.0680354,486.5957808,532.2312671,573.91221,568.3666638,581.5624262,597.1413101,587.8452607,601.740449,620.0901539,655.5833576,633.3931554,673.7038349,..,..
Samoa,WSM,Adjusted net national income per capita (current US$),NY.ADJ.NNTY.PC.CD,2839.029542,3096.99519,3341.714241,3469.684444,3547.708986,3484.399122,3630.760116,3680.720276,3802.331101,3743.020515,3824.031614,3606.045317,3538.935249,..,..
San Marino,SMR,Adjusted net national income per capita (current US$),NY.ADJ.NNTY.PC.CD,..,..,..,..,..,..,..,..,..,..,..,..,..,..,..
Sao Tome and Principe,STP,Adjusted net national income per capita (current US$),NY.ADJ.NNTY.PC.CD,952.6561061,988.1665863,1163.735792,1199.383876,973.0182866,1282.844299,913.9442229,1115.171386,1283.915279,1431.946028,1484.628788,1699.159547,1919.478424,..,..
Saudi Arabia,SAU,Adjusted net national income per capita (current US$),NY.ADJ.NNTY.PC.CD,14592.92209,17960.53454,20885.2421,21903.28377,21103.60529,21162.18183,17766.44747,17319.81832,18360.64505,22216.00588,22182.198,18838.3821,..,..,..
Senegal,SEN,Adjusted net national income per capita (current US$),NY.ADJ.NNTY.PC.CD,1159.150221,1134.829224,1202.747752,1151.091206,1199.728866,1218.578802,1062.340567,1100.875398,1189.313613,1269.083559,1241.178618,1267.66175,1376.938472,..,..
Serbia,SRB,Adjusted net national income per capita (current US$),NY.ADJ.NNTY.PC.CD,5151.226992,4773.505889,5470.95101,4877.804023,5533.803991,5425.80988,4584.557262,4679.413515,5026.221826,5868.807072,5940.804379,6351.269736,7431.640563,..,..
Seychelles,SYC,Adjusted net national income per capita (current US$),NY.ADJ.NNTY.PC.CD,8053.515314,9049.847943,9931.309034,9920.33901,12257.32341,12397.8737,12366.61017,12565.30749,13164.30775,13828.27787,14365.20212,10722.81608,12252.24193,..,..
Sierra Leone,SLE,Adjusted net national income per capita (current US$),NY.ADJ.NNTY.PC.CD,374.636655,359.6151286,388.4256046,522.6483217,645.7875772,624.7856882,507.4644474,372.2399152,412.5296504,437.3732876,458.8978614,437.7147019,426.1869189,..,..
Singapore,SGP,Adjusted net national income per capita (current US$),NY.ADJ.NNTY.PC.CD,30670.10956,40278.66499,44678.09978,45310.39946,45715.85554,47257.56798,43257.86202,44514.64595,47208.5108,48006.3351,46216.4181,40860.48066,50689.9927,..,..
Sint Maarten (Dutch part),SXM,Adjusted net national income per capita (current US$),NY.ADJ.NNTY.PC.CD,..,..,..,..,..,..,..,..,..,..,..,..,..,..,..
Slovak Republic,SVK,Adjusted net national income per capita (current US$),NY.ADJ.NNTY.PC.CD,13282.12921,13479.6171,14577.73243,14119.20977,14882.05856,15227.83661,13194.8271,13276.4374,14248.59161,15891.48396,15653.30822,15875.11563,17386.33938,..,..
Slovenia,SVN,Adjusted net national income per capita (current US$),NY.ADJ.NNTY.PC.CD,19537.19566,18501.49636,19709.88523,17479.58302,18184.30807,18948.93669,15900.32756,16741.11205,18495.23635,20777.20677,20799.55978,20345.77611,23493.4749,..,..
Solomon Islands,SLB,Adjusted net national income per capita (current US$),NY.ADJ.NNTY.PC.CD,1315.83744,1454.384162,1574.035447,1733.389459,1965.182359,1950.616498,1842.37523,1851.317917,1915.934603,2055.011886,2014.753797,1931.169079,1974.058668,..,..
Somalia,SOM,Adjusted net national income per capita (current US$),NY.ADJ.NNTY.PC.CD,..,..,..,..,265.7309358,279.904785,284.330978,281.1107645,277.1793348,305.6489595,330.366143,332.6728523,356.3946313,..,..
South Africa,ZAF,Adjusted net national income per capita (current US$),NY.ADJ.NNTY.PC.CD,5202.784033,6452.335363,6933.299803,6513.706762,5889.120635,5559.071006,5051.035038,4613.220186,5410.82562,5615.654521,5311.804417,4522.840013,5520.947991,..,..
South Sudan,SSD,Adjusted net national income per capita (current US$),NY.ADJ.NNTY.PC.CD,..,..,298.2171157,968.8904629,1356.366123,794.5896276,779.2201828,..,..,..,..,..,..,..,..
Spain,ESP,Adjusted net national income per capita (current US$),NY.ADJ.NNTY.PC.CD,26838.52604,25486.32101,26212.69589,23566.20509,24246.78077,24700.2901,21716.48797,22489.73344,23874.662,25791.53557,25125.87172,22321.68394,25118.45314,..,..
Sri Lanka,LKA,Adjusted net national income per capita (current US$),NY.ADJ.NNTY.PC.CD,1883.512541,2605.863595,2983.672146,3051.572473,3394.7305,3591.513357,3677.662262,3756.436852,3969.483101,3936.046001,3671.849396,3490.725902,3611.591236,..,..
St. Kitts and Nevis,KNA,Adjusted net national income per capita (current US$),NY.ADJ.NNTY.PC.CD,..,..,..,..,..,..,..,..,..,..,..,..,..,..,..
St. Lucia,LCA,Adjusted net national income per capita (current US$),NY.ADJ.NNTY.PC.CD,7086.309514,7134.887309,7769.701492,7593.231488,7402.644067,7842.136503,7573.111717,8082.593532,8514.119814,9143.953383,9151.962181,6991.914881,7655.163071,..,..
St. Martin (French part),MAF,Adjusted net national income per capita (current US$),NY.ADJ.NNTY.PC.CD,..,..,..,..,..,..,..,..,..,..,..,..,..,..,..
St. Vincent and the Grenadines,VCT,Adjusted net national income per capita (current US$),NY.ADJ.NNTY.PC.CD,5637.120225,5506.987969,5313.958061,5473.700902,5779.799842,5647.289401,6049.354408,6361.829231,6669.056999,7042.600967,7227.394702,6985.740638,7285.53157,..,..
Sudan,SDN,Adjusted net national income per capita (current US$),NY.ADJ.NNTY.PC.CD,..,..,1451.39624,1470.530273,1469.777466,1780.383545,1900.490356,2245.953125,2685.498779,627.3396606,599.9625854,485.285614,598.4122925,..,..
Suriname,SUR,Adjusted net national income per capita (current US$),NY.ADJ.NNTY.PC.CD,5720.949974,5467.871009,4497.994185,5328.550069,6152.582916,6773.870507,7242.759398,3933.50065,3613.770349,4653.577375,4748.672079,3156.88893,3132.674475,..,..
Sweden,SWE,Adjusted net national income per capita (current US$),NY.ADJ.NNTY.PC.CD,39718.7948,45188.85553,51652.81811,49429.39237,52089.63528,51104.43077,43373.54543,43610.1867,45639.94056,46269.20867,44558.12293,45322.00707,51830.62661,..,..
Switzerland,CHE,Adjusted net national income per capita (current US$),NY.ADJ.NNTY.PC.CD,55813.21022,63191.04315,70650.7603,68518.98936,69446.63099,68999.91811,66347.41616,63668.84894,63071.25022,63208.82709,62588.33618,62971.41617,69631.65824,..,..
Syrian Arab Republic,SYR,Adjusted net national income per capita (current US$),NY.ADJ.NNTY.PC.CD,8982.064937,9692.493899,2191.105299,1505.904348,799.0712584,901.0536869,729.2215636,582.9420374,764.1230845,984.9825548,1005.344453,479.3055797,..,..,..
Tajikistan,TJK,Adjusted net national income per capita (current US$),NY.ADJ.NNTY.PC.CD,741.826426,767.8384217,883.2219751,1034.250357,1120.975701,1169.443656,1029.792257,842.6704883,897.2774091,879.762205,891.0495738,850.7943696,908.5789359,..,..
Tanzania,TZA,Adjusted net national income per capita (current US$),NY.ADJ.NNTY.PC.CD,573.421936,590.6586914,597.9818726,629.6608887,745.8640137,820.1409912,776.3251343,794.6719971,837.1895142,895.0131226,953.7161865,938.8400879,971.6200562,..,..
Thailand,THA,Adjusted net national income per capita (current US$),NY.ADJ.NNTY.PC.CD,3291.450426,3939.985541,4297.934477,4432.884851,4545.1396,4414.577523,4349.372479,4506.620698,4972.562722,5459.504922,5929.27341,5441.477226,5393.014574,..,..
Timor-Leste,TLS,Adjusted net national income per capita (current US$),NY.ADJ.NNTY.PC.CD,..,..,..,..,..,..,1341.249874,1217.249543,1241.932604,1022.910617,1406.78611,1201.193465,417.8528746,..,..
Togo,TGO,Adjusted net national income per capita (current US$),NY.ADJ.NNTY.PC.CD,432.3898892,424.5348239,468.3321671,405.8366069,475.3310796,508.4966097,476.9920408,669.4150727,693.1036587,774.1827004,769.8722039,786.0325298,832.3096128,..,..
Tonga,TON,Adjusted net national income per capita (current US$),NY.ADJ.NNTY.PC.CD,2769.194109,3225.14881,3620.136439,4115.879612,3944.054319,3796.402783,3788.995146,3649.471428,4143.648058,4503.783724,4809.504981,4551.759289,4284.021861,..,..
Trinidad and Tobago,TTO,Adjusted net national income per capita (current US$),NY.ADJ.NNTY.PC.CD,9958.838487,11680.76572,10886.18161,12059.24105,13773.05044,15701.42366,16451.3873,14102.53271,14519.08836,13749.06502,13523.1394,12394.72863,15142.81689,..,..
Tunisia,TUN,Adjusted net national income per capita (current US$),NY.ADJ.NNTY.PC.CD,3059.180532,3274.44621,3334.694997,3220.765096,3324.960121,3531.509593,3310.484382,3211.36263,3021.434457,3052.033663,2994.614567,2982.867852,3285.419777,..,..
Turkiye,TUR,Adjusted net national income per capita (current US$),NY.ADJ.NNTY.PC.CD,7429.972224,8905.316612,9534.737344,9895.728768,10665.1872,10269.29341,9294.272812,9193.574206,8921.21122,8063.601198,7621.523127,7197.801955,..,..,..
Turkmenistan,TKM,Adjusted net national income per capita (current US$),NY.ADJ.NNTY.PC.CD,2525.469192,2680.162775,3062.072637,..,..,..,..,..,..,4388.051047,5005.010907,..,..,..,..
Turks and Caicos Islands,TCA,Adjusted net national income per capita (current US$),NY.ADJ.NNTY.PC.CD,..,..,..,..,..,21872.74059,23359.89885,24479.77293,22736.50423,23373.04521,24053.09356,17787.33535,18783.46716,..,..
Tuvalu,TUV,Adjusted net national income per capita (current US$),NY.ADJ.NNTY.PC.CD,..,..,..,..,..,..,..,..,..,..,..,..,..,..,..
Uganda,UGA,Adjusted net national income per capita (current US$),NY.ADJ.NNTY.PC.CD,636.3101272,653.0955663,639.7257902,568.6087492,594.6382403,668.0269268,657.8987849,568.8978143,589.1034517,612.6487904,624.8227978,636.5044462,654.1257564,..,..
Ukraine,UKR,Adjusted net national income per capita (current US$),NY.ADJ.NNTY.PC.CD,2021.95105,2436.327393,2911.00708,3354.851318,3474.398926,2608.805908,1908.153442,1884.498535,2310.200928,2690.029785,3197.591553,3279.912598,3918.818359,..,..
United Arab Emirates,ARE,Adjusted net national income per capita (current US$),NY.ADJ.NNTY.PC.CD,32273.1224,37615.07529,43434.61702,45968.15224,46197.41041,46014.76242,39877.41804,38136.52009,38984.69671,41349.34596,40195.69186,33903.43422,..,..,..
United Kingdom,GBR,Adjusted net national income per capita (current US$),NY.ADJ.NNTY.PC.CD,32299.43394,33571.19931,35752.9582,35519.33019,36085.94595,39539.1165,37441.02842,34104.35681,34065.89103,36072.66321,..,..,..,..,..
United States,USA,Adjusted net national income per capita (current US$),NY.ADJ.NNTY.PC.CD,39149.31115,41128.27455,42673.67929,44760.64515,45715.10837,47633.25178,49077.96634,49564.35198,51472.05801,53858.12998,55620.4039,53872.1531,59006.35854,..,..
Uruguay,URY,Adjusted net national income per capita (current US$),NY.ADJ.NNTY.PC.CD,8967.094027,11308.97784,13377.31684,13468.91506,15370.21844,15010.86559,14193.59504,15101.85091,16722.18288,16601.63337,15913.77644,13782.90335,14718.58787,..,..
Uzbekistan,UZB,Adjusted net national income per capita (current US$),NY.ADJ.NNTY.PC.CD,974.8562362,1441.565399,1667.130847,1846.513676,2003.062648,2239.184568,2416.422237,2358.76136,1651.417158,1303.397179,1473.215641,1422.760022,1457.846759,..,..
Vanuatu,VUT,Adjusted net national income per capita (current US$),NY.ADJ.NNTY.PC.CD,2233.925355,2470.055926,2804.422824,2591.608707,2741.092639,2771.329735,2568.121145,2695.370783,2892.488024,3029.919296,3213.102809,3045.286219,3159.757428,..,..
"Venezuela, RB",VEN,Adjusted net national income per capita (current US$),NY.ADJ.NNTY.PC.CD,9434.800587,11022.35981,8367.275374,9824.771469,9236.170428,11724.28452,..,..,..,..,..,..,..,..,..
Viet Nam,VNM,Adjusted net national income per capita (current US$),NY.ADJ.NNTY.PC.CD,935.3948592,1318.759792,1527.122971,1725.808355,1888.890552,2051.713748,2079.359058,2203.400769,2375.675912,2612.747342,2788.685752,2898.327793,2992.415375,..,..
Virgin Islands (U.S.),VIR,Adjusted net national income per capita (current US$),NY.ADJ.NNTY.PC.CD,..,..,..,..,..,..,..,..,..,..,..,..,..,..,..
West Bank and Gaza,PSE,Adjusted net national income per capita (current US$),NY.ADJ.NNTY.PC.CD,..,..,..,..,..,..,..,..,..,..,..,..,..,..,..
"Yemen, Rep.",YEM,Adjusted net national income per capita (current US$),NY.ADJ.NNTY.PC.CD,741.2167997,857.1108131,889.4932089,1019.784909,1172.308931,1215.004171,1250.517222,927.1029832,770.6079053,601.5411983,..,..,..,..,..
Zambia,ZMB,Adjusted net national income per capita (current US$),NY.ADJ.NNTY.PC.CD,833.9740001,986.1610108,1169.48492,1329.507915,1394.072511,1361.683462,1040.468773,979.9608635,1129.386356,1134.046099,1003.095119,693.4253618,610.5562004,..,..
Zimbabwe,ZWE,Adjusted net national income per capita (current US$),NY.ADJ.NNTY.PC.CD,563.2620761,701.6964226,765.5660014,938.1854174,1082.237729,1055.123316,1069.742692,1071.235676,903.8725748,1982.943538,1224.803942,1171.848837,1490.550309,..,..
Africa Eastern and Southern,AFE,Adjusted net national income per capita (current US$),NY.ADJ.NNTY.PC.CD,1068.49685,1220.233998,1323.053048,1326.057821,1310.155272,1326.712853,1222.007579,1154.554761,1298.116409,1241.674597,1212.689013,1098.092611,1214.873282,..,..
Africa Western and Central,AFW,Adjusted net national income per capita (current US$),NY.ADJ.NNTY.PC.CD,1138.739925,1250.203273,1344.995067,1451.219388,1642.527119,1797.193227,1553.654158,1366.270211,1286.956899,1382.675005,1412.167673,1374.44486,1393.442318,..,..
Arab World,ARB,Adjusted net national income per capita (current US$),NY.ADJ.NNTY.PC.CD,4575.864692,5202.451087,5351.763026,5788.839786,5816.731123,5871.906568,5219.88246,5132.950125,5138.894119,5327.295739,5301.294209,4727.762086,..,..,..
Caribbean small states,CSS,Adjusted net national income per capita (current US$),NY.ADJ.NNTY.PC.CD,8677.583309,8665.255673,8499.347943,9059.007495,9209.118011,9528.969153,9889.579326,9177.220556,9504.816611,9788.295055,10196.66635,8283.765791,9058.680872,..,..
Central Europe and the Baltics,CEB,Adjusted net national income per capita (current US$),NY.ADJ.NNTY.PC.CD,9929.149916,10077.57184,11084.17538,10467.65193,10990.00024,11396.16724,10097.28415,10304.30737,11533.5745,13058.13509,13314.35605,13274.34528,15319.96275,..,..
Early-demographic dividend,EAR,Adjusted net national income per capita (current US$),NY.ADJ.NNTY.PC.CD,2070.910642,2464.970052,2643.938507,2724.822175,2730.656109,2798.93097,2688.043005,2745.591853,2919.402484,2891.131767,2922.45618,2694.661955,3041.916262,..,..
East Asia & Pacific,EAS,Adjusted net national income per capita (current US$),NY.ADJ.NNTY.PC.CD,5184.629061,5986.469463,6799.363068,7320.094316,7298.537233,7486.585191,7397.909044,7627.383809,8093.746465,8638.066898,8737.308827,8599.572757,9664.180401,..,..
East Asia & Pacific (excluding high income),EAP,Adjusted net national income per capita (current US$),NY.ADJ.NNTY.PC.CD,2625.299142,3082.255212,3620.330159,4095.994916,4430.338044,4770.283823,4922.258584,5007.132002,5443.111633,5934.737592,6079.942545,6050.605923,7080.902082,..,..
East Asia & Pacific (IDA & IBRD countries),TEA,Adjusted net national income per capita (current US$),NY.ADJ.NNTY.PC.CD,2655.776306,3117.915918,3662.05736,4142.982763,4480.938638,4824.563115,4978.092115,5063.757388,5504.46453,6001.478551,6148.208803,6118.486491,7160.38863,..,..
Euro area,EMU,Adjusted net national income per capita (current US$),NY.ADJ.NNTY.PC.CD,31611.57298,30900.37952,33434.75858,30824.64192,32097.60699,32771.41068,28096.59119,28850.64651,30508.44703,32968.32979,32110.5283,30623.6473,34451.57555,..,..
Europe & Central Asia,ECS,Adjusted net national income per capita (current US$),NY.ADJ.NNTY.PC.CD,18994.83458,19493.77089,21486.39796,20576.4242,21396.73051,21614.421,18547.00128,18419.50613,19460.52833,20717.63649,20309.54983,19438.52465,21931.44473,..,..
Europe & Central Asia (excluding high income),ECA,Adjusted net national income per capita (current US$),NY.ADJ.NNTY.PC.CD,4116.337567,4874.280252,5436.629427,5755.152653,6267.3958,5961.623603,5245.090533,4947.918314,4989.39803,4810.171584,4834.144878,4671.314552,..,..,..
Europe & Central Asia (IDA & IBRD countries),TEC,Adjusted net national income per capita (current US$),NY.ADJ.NNTY.PC.CD,5676.91042,6705.678485,8044.446922,8395.367882,8830.33393,8287.290101,6544.890829,6229.585986,6910.117113,7095.94233,7193.616683,6867.026096,7666.670657,..,..
European Union,EUU,Adjusted net national income per capita (current US$),NY.ADJ.NNTY.PC.CD,27621.16929,27268.54019,29591.54758,27395.51413,28581.833,29201.05255,25113.55689,25766.30965,27375.64231,29638.22459,28979.73208,27868.02258,31500.96096,..,..
Fragile and conflict affected situations,FCS,Adjusted net national income per capita (current US$),NY.ADJ.NNTY.PC.CD,1616.66073,1826.642034,1603.654732,1797.17088,1833.209912,1916.441637,1573.672717,1452.537841,1484.780828,1498.698365,1535.783125,1419.44221,1416.945612,..,..
Heavily indebted poor countries (HIPC),HPC,Adjusted net national income per capita (current US$),NY.ADJ.NNTY.PC.CD,610.5884772,631.851097,680.9928168,694.8320262,761.1390691,817.0856994,781.977019,803.0899886,861.6494394,801.108522,813.2308948,797.5349845,824.7299645,..,..
High income,HIC,Adjusted net national income per capita (current US$),NY.ADJ.NNTY.PC.CD,27838.15001,29494.43042,31956.37913,32032.44334,32252.21817,32706.05855,30401.74109,30715.79188,32173.99036,33988.8434,34146.33944,32778.94721,36222.24499,..,..
IBRD only,IBD,Adjusted net national income per capita (current US$),NY.ADJ.NNTY.PC.CD,3021.637151,3585.793889,4111.945587,4353.228961,4527.299491,4648.591504,4345.951759,4338.445824,4750.110592,4920.812566,4985.501286,4729.274323,5454.51708,..,..
IDA & IBRD total,IBT,Adjusted net national income per capita (current US$),NY.ADJ.NNTY.PC.CD,2508.902774,2953.637665,3338.23764,3525.797809,3669.049834,3774.478847,3534.48256,3525.073292,3827.571666,3948.64489,3991.418036,3783.609568,4315.637109,..,..
IDA blend,IDB,Adjusted net national income per capita (current US$),NY.ADJ.NNTY.PC.CD,1086.01575,1214.258652,1345.378832,1474.34219,1590.913853,1733.280425,1645.232402,1568.770405,1495.270454,1577.576311,1540.834277,1453.675504,1536.526373,..,..
IDA only,IDX,Adjusted net national income per capita (current US$),NY.ADJ.NNTY.PC.CD,838.6361626,918.3672641,800.1172691,813.6815279,868.7241634,924.753767,923.8947893,983.269117,1052.485363,1034.843368,1086.027366,1080.175676,1123.503037,..,..
IDA total,IDA,Adjusted net national income per capita (current US$),NY.ADJ.NNTY.PC.CD,916.0351636,1012.265095,984.1145587,1036.976794,1112.986639,1198.182246,1167.478077,1179.986668,1200.154421,1216.084034,1236.554059,1202.658655,1259.014575,..,..
Late-demographic dividend,LTE,Adjusted net national income per capita (current US$),NY.ADJ.NNTY.PC.CD,4094.880142,4812.86099,5688.823507,6108.46982,6513.57674,6746.74859,6272.275867,6250.036643,6915.049336,7409.630048,7501.543431,7227.85129,8406.774807,..,..
Latin America & Caribbean,LCN,Adjusted net national income per capita (current US$),NY.ADJ.NNTY.PC.CD,5915.368121,7191.529053,7956.855681,7902.880653,8089.718387,8175.817492,6896.483045,6630.724512,7342.132238,7025.631522,6894.626711,5765.752879,6415.208424,..,..
Latin America & Caribbean (excluding high income),LAC,Adjusted net national income per capita (current US$),NY.ADJ.NNTY.PC.CD,5568.473939,6800.615612,7730.30749,7535.759485,7728.92492,7705.173046,6588.378414,6310.282508,7004.274891,6650.054901,6520.3482,5439.368467,6040.530574,..,..
Latin America & the Caribbean (IDA & IBRD countries),TLA,Adjusted net national income per capita (current US$),NY.ADJ.NNTY.PC.CD,5889.040112,7179.186391,7938.731365,7874.942216,8056.679129,8136.166504,6827.925866,6551.814943,7261.590334,6935.539488,6795.867589,5685.097638,6323.349159,..,..
Least developed countries: UN classification,LDC,Adjusted net national income per capita (current US$),NY.ADJ.NNTY.PC.CD,583.3029428,627.3127363,714.4442347,754.2362558,812.8199147,867.7961307,846.1673416,874.2624543,945.528658,913.7055658,971.2388996,972.6754514,1010.734246,..,..
Low & middle income,LMY,Adjusted net national income per capita (current US$),NY.ADJ.NNTY.PC.CD,2257.505149,2657.805735,2989.705608,3162.079117,3300.82312,3432.152823,3313.866909,3318.243824,3579.441903,3684.099738,3725.350315,3538.410394,4044.784155,..,..
Low income,LIC,Adjusted net national income per capita (current US$),NY.ADJ.NNTY.PC.CD,936.5864781,994.5355705,596.1339849,586.1813668,584.9968318,621.5259082,617.2668836,616.9816502,670.7113908,551.6785997,575.2149307,548.9726452,549.0542729,..,..
Lower middle income,LMC,Adjusted net national income per capita (current US$),NY.ADJ.NNTY.PC.CD,1070.780484,1249.443411,1361.84372,1424.569851,1494.031221,1610.486178,1612.866784,1663.177005,1753.558203,1809.269461,1873.682371,1792.489062,1973.817295,..,..
Middle East & North Africa,MEA,Adjusted net national income per capita (current US$),NY.ADJ.NNTY.PC.CD,5372.159464,6137.642016,6593.278334,6974.127076,6734.397311,6716.715648,5966.388597,5978.20261,6032.644544,6107.45549,6071.572916,5484.486133,..,..,..
Middle East & North Africa (excluding high income),MNA,Adjusted net national income per capita (current US$),NY.ADJ.NNTY.PC.CD,3349.07607,3754.594397,3716.681247,3927.328432,3544.996739,3461.781551,3149.248766,3202.845553,3046.679854,2742.416975,2755.570428,2563.092351,2855.723919,..,..
Middle East & North Africa (IDA & IBRD countries),TMN,Adjusted net national income per capita (current US$),NY.ADJ.NNTY.PC.CD,3349.011309,3754.796111,3717.139601,3928.06517,3545.843454,3462.785375,3150.347417,3204.14336,3048.005018,2743.858103,2757.265922,2564.933322,2858.078836,..,..
Middle income,MIC,Adjusted net national income per capita (current US$),NY.ADJ.NNTY.PC.CD,2401.606182,2838.551041,3236.763654,3431.527408,3588.401064,3733.52707,3606.943427,3616.206907,3905.4727,4040.153807,4090.365631,3891.464326,4464.330635,..,..
North America,NAC,Adjusted net national income per capita (current US$),NY.ADJ.NNTY.PC.CD,38545.98797,40891.5652,42674.43146,44594.39002,45456.13903,47036.98888,47711.58626,48039.03469,50008.02945,52233.27831,53795.45444,51933.4713,57257.66513,..,..
Not classified,INX,Adjusted net national income per capita (current US$),NY.ADJ.NNTY.PC.CD,..,..,..,..,..,..,..,..,..,..,..,..,..,..,..
OECD members,OED,Adjusted net national income per capita (current US$),NY.ADJ.NNTY.PC.CD,27407.89692,28870.62199,30923.98542,30870.6066,31101.79628,31666.63937,29756.32782,30039.32039,31235.75125,32779.88445,32863.19417,31554.79628,34754.87928,..,..
Other small states,OSS,Adjusted net national income per capita (current US$),NY.ADJ.NNTY.PC.CD,8305.234945,8575.061097,9499.256385,9651.914875,10050.34999,10191.9149,9350.427465,9744.772173,10630.99622,11207.64612,11271.81362,10097.55435,11201.46415,..,..
Pacific island small states,PSS,Adjusted net national income per capita (current US$),NY.ADJ.NNTY.PC.CD,2454.858042,2640.774105,2957.283473,3090.079767,3299.875703,3457.866415,3327.809684,3425.718802,3606.279852,3770.295465,3735.50138,3330.464057,3278.15292,..,..
Post-demographic dividend,PST,Adjusted net national income per capita (current US$),NY.ADJ.NNTY.PC.CD,31256.80812,32828.3862,35224.7741,35203.30005,35376.27628,36044.51778,34014.25099,34495.8504,35927.01206,37861.34981,38063.04762,36739.52973,40472.14004,..,..
Pre-demographic dividend,PRE,Adjusted net national income per capita (current US$),NY.ADJ.NNTY.PC.CD,953.1878719,1041.561025,1157.876427,1264.210481,1371.506716,1467.301963,1261.055788,1138.105115,1154.543297,1141.915064,1167.807233,1084.367935,1107.918388,..,..
Small states,SST,Adjusted net national income per capita (current US$),NY.ADJ.NNTY.PC.CD,7612.041699,7821.922604,8470.432824,8684.746429,9017.75436,9191.16123,8637.368015,8817.614821,9524.910923,9999.470488,10103.42939,8914.853052,9798.628957,..,..
South Asia,SAS,Adjusted net national income per capita (current US$),NY.ADJ.NNTY.PC.CD,904.5917832,1083.342077,1175.998148,1174.497847,1191.544787,1291.598339,1344.850197,1471.361823,1668.9503,1694.942442,1747.543129,1631.496939,1874.39354,..,..
South Asia (IDA & IBRD),TSA,Adjusted net national income per capita (current US$),NY.ADJ.NNTY.PC.CD,904.5917832,1083.342077,1175.998148,1174.497847,1191.544787,1291.598339,1344.850197,1471.361823,1668.9503,1694.942442,1747.543129,1631.496939,1874.39354,..,..
Sub-Saharan Africa,SSF,Adjusted net national income per capita (current US$),NY.ADJ.NNTY.PC.CD,1097.885159,1232.192495,1331.527714,1376.782968,1445.678038,1518.644228,1357.268454,1240.613467,1292.469088,1298.519114,1293.409653,1210.186347,1286.741922,..,..
Sub-Saharan Africa (excluding high income),SSA,Adjusted net national income per capita (current US$),NY.ADJ.NNTY.PC.CD,1097.186041,1231.406367,1330.71019,1375.985064,1444.676611,1517.648223,1356.26511,1239.594146,1291.415565,1297.425714,1292.288203,1209.38573,1285.834393,..,..
Sub-Saharan Africa (IDA & IBRD countries),TSS,Adjusted net national income per capita (current US$),NY.ADJ.NNTY.PC.CD,1097.885159,1232.192495,1331.527714,1376.782968,1445.678038,1518.644228,1357.268454,1240.613467,1292.469088,1298.519114,1293.409653,1210.186347,1286.741922,..,..
Upper middle income,UMC,Adjusted net national income per capita (current US$),NY.ADJ.NNTY.PC.CD,3704.751783,4408.951471,5105.622854,5446.921327,5706.068834,5895.829641,5652.105157,5633.225829,6142.49552,6374.789674,6426.707087,6121.599655,7136.672062,..,..
World,WLD,Adjusted net national income per capita (current US$),NY.ADJ.NNTY.PC.CD,7153.071335,7759.633638,8438.812311,8563.154933,8681.354894,8848.498737,8282.182705,8314.603706,8759.115037,9132.05721,9157.045612,8729.53471,9707.192803,..,..